;0;1;2;3;4;5;6;7;8;9;10;11;12;13;14;15;16
0;Codigo Estacion;Nombre de estacion;Municipio;Departamento;Zona Hidrográfica;Latitud;Longitud;Fecha Inicial;Fecha Final;Muestreo valores iniciales;Muestreo valores finales;Numerofilas y columnas;Máximo;Mínimo;Promedio;Desviación Estándar;Mediana
1;21201580;PASQUILLA - FOPAE;bogota;bogota;alto magdalena;4.447;-74.155;2015-12-05 15:55:00;2015-12-05 15:55:00;;;(1, 3);20.1;20.1;20.1;0.0;20.1
2;21201580;PASQUILLA - FOPAE;bogota;bogota;alto magdalena;4.447;-74.155;2015-12-05 15:55:00;2015-12-05 15:55:00;;;(1, 3);20.1;20.1;20.1;0.0;20.1
3;21201580;PASQUILLA - FOPAE;bogota;bogota;alto magdalena;4.447;-74.155;2015-12-05 15:55:00;2015-12-05 15:55:00;;;(1, 3);20.1;20.1;20.1;0.0;20.1
4;21201580;PASQUILLA - FOPAE;bogota;bogota;alto magdalena;4.447;-74.155;2015-12-05 15:55:00;2015-12-05 15:55:00;;;(1, 3);20.1;20.1;20.1;0.0;20.1
5;21201580;PASQUILLA - FOPAE;bogota;bogota;alto magdalena;4.447;-74.155;2015-12-05 15:55:00;2015-12-05 15:55:00;;;(1, 3);20.1;20.1;20.1;0.0;20.1
6;21201580;PASQUILLA - FOPAE;bogota;bogota;alto magdalena;4.447;-74.155;2015-12-05 15:55:00;2015-12-05 15:55:00;;;(1, 3);20.1;20.1;20.1;0.0;20.1
7;21201580;PASQUILLA - FOPAE;bogota;bogota;alto magdalena;4.447;-74.155;2015-12-05 15:55:00;2015-12-05 15:55:00;;;(1, 3);20.1;20.1;20.1;0.0;20.1
8;21201580;PASQUILLA - FOPAE;bogota;bogota;alto magdalena;4.447;-74.155;2015-12-05 15:55:00;2015-12-05 15:55:00;;;(1, 3);20.1;20.1;20.1;0.0;20.1
9;21201580;PASQUILLA - FOPAE;bogota;bogota;alto magdalena;4.447;-74.155;2015-12-05 15:55:00;2015-12-05 15:55:00;;;(1, 3);20.1;20.1;20.1;0.0;20.1
10;21201580;PASQUILLA - FOPAE;bogota;bogota;alto magdalena;4.447;-74.155;2015-12-05 15:55:00;2015-12-05 15:55:00;;;(1, 3);20.1;20.1;20.1;0.0;20.1
11;21201580;PASQUILLA - FOPAE;bogota;bogota;alto magdalena;4.447;-74.155;2015-12-05 15:55:00;2015-12-05 15:55:00;;;(1, 3);20.1;20.1;20.1;0.0;20.1
12;21201580;PASQUILLA - FOPAE;bogota;bogota;alto magdalena;4.447;-74.155;2015-12-05 15:55:00;2015-12-05 15:55:00;;;(1, 3);20.1;20.1;20.1;0.0;20.1
13;21201580;PASQUILLA - FOPAE;bogota;bogota;alto magdalena;4.447;-74.155;2015-12-05 15:55:00;2015-12-05 15:55:00;;;(1, 3);20.1;20.1;20.1;0.0;20.1
14;21201580;PASQUILLA - FOPAE;bogota;bogota;alto magdalena;4.447;-74.155;2015-12-05 15:55:00;2015-12-05 15:55:00;;;(1, 3);20.1;20.1;20.1;0.0;20.1
15;21201580;PASQUILLA - FOPAE;bogota;bogota;alto magdalena;4.447;-74.155;2015-12-05 15:55:00;2015-12-05 15:55:00;;;(1, 3);20.1;20.1;20.1;0.0;20.1
16;21201580;PASQUILLA - FOPAE;bogota;bogota;alto magdalena;4.447;-74.155;2015-12-05 15:55:00;2015-12-05 15:55:00;;;(1, 3);20.1;20.1;20.1;0.0;20.1
17;21201580;PASQUILLA - FOPAE;bogota;bogota;alto magdalena;4.447;-74.155;2015-12-05 15:55:00;2015-12-05 15:55:00;;;(1, 3);20.1;20.1;20.1;0.0;20.1
18;21201580;PASQUILLA - FOPAE;bogota;bogota;alto magdalena;4.447;-74.155;2015-12-05 15:55:00;2015-12-05 15:55:00;;;(1, 3);20.1;20.1;20.1;0.0;20.1
19;21201580;PASQUILLA - FOPAE;bogota;bogota;alto magdalena;4.447;-74.155;2015-12-05 15:55:00;2015-12-05 15:55:00;;;(1, 3);20.1;20.1;20.1;0.0;20.1
20;21201580;PASQUILLA - FOPAE;bogota;bogota;alto magdalena;4.447;-74.155;2015-12-05 15:55:00;2015-12-05 15:55:00;;;(1, 3);20.1;20.1;20.1;0.0;20.1
21;21201580;PASQUILLA - FOPAE;bogota;bogota;alto magdalena;4.447;-74.155;2015-12-05 15:55:00;2015-12-05 15:55:00;;;(1, 3);20.1;20.1;20.1;0.0;20.1
22;21201580;PASQUILLA - FOPAE;bogota;bogota;alto magdalena;4.447;-74.155;2015-12-05 15:55:00;2015-12-05 15:55:00;;;(1, 3);20.1;20.1;20.1;0.0;20.1
23;21201580;PASQUILLA - FOPAE;bogota;bogota;alto magdalena;4.447;-74.155;2015-12-05 15:55:00;2015-12-05 15:55:00;;;(1, 3);20.1;20.1;20.1;0.0;20.1
24;21201580;PASQUILLA - FOPAE;bogota;bogota;alto magdalena;4.447;-74.155;2015-12-05 15:55:00;2015-12-05 15:55:00;;;(1, 3);20.1;20.1;20.1;0.0;20.1
25;21201580;PASQUILLA - FOPAE;bogota;bogota;alto magdalena;4.447;-74.155;2015-12-05 15:55:00;2015-12-05 15:55:00;;;(1, 3);20.1;20.1;20.1;0.0;20.1
26;21201580;PASQUILLA - FOPAE;bogota;bogota;alto magdalena;4.447;-74.155;2015-12-05 15:55:00;2015-12-05 15:55:00;;;(1, 3);20.1;20.1;20.1;0.0;20.1
27;21201580;PASQUILLA - FOPAE;bogota;bogota;alto magdalena;4.447;-74.155;2015-12-05 15:55:00;2015-12-05 15:55:00;;;(1, 3);20.1;20.1;20.1;0.0;20.1
28;21201580;PASQUILLA - FOPAE;bogota;bogota;alto magdalena;4.447;-74.155;2015-12-05 15:55:00;2015-12-05 15:55:00;;;(1, 3);20.1;20.1;20.1;0.0;20.1
29;21201580;PASQUILLA - FOPAE;bogota;bogota;alto magdalena;4.447;-74.155;2015-12-05 15:55:00;2015-12-05 15:55:00;;;(1, 3);20.1;20.1;20.1;0.0;20.1
30;21201580;PASQUILLA - FOPAE;bogota;bogota;alto magdalena;4.447;-74.155;2015-12-05 15:55:00;2015-12-05 15:55:00;;;(1, 3);20.1;20.1;20.1;0.0;20.1
31;21201580;PASQUILLA - FOPAE;bogota;bogota;alto magdalena;4.447;-74.155;2015-12-05 15:55:00;2015-12-05 15:55:00;;;(1, 3);20.1;20.1;20.1;0.0;20.1
32;21201580;PASQUILLA - FOPAE;bogota;bogota;alto magdalena;4.447;-74.155;2015-12-05 15:55:00;2015-12-05 15:55:00;;;(1, 3);20.1;20.1;20.1;0.0;20.1
33;21201580;PASQUILLA - FOPAE;bogota;bogota;alto magdalena;4.447;-74.155;2015-12-05 15:55:00;2015-12-05 15:55:00;;;(1, 3);20.1;20.1;20.1;0.0;20.1
34;21201580;PASQUILLA - FOPAE;bogota;bogota;alto magdalena;4.447;-74.155;2015-12-05 15:55:00;2015-12-05 15:55:00;;;(1, 3);20.1;20.1;20.1;0.0;20.1
35;21201580;PASQUILLA - FOPAE;bogota;bogota;alto magdalena;4.447;-74.155;2015-12-05 15:55:00;2015-12-05 15:55:00;;;(1, 3);20.1;20.1;20.1;0.0;20.1
36;21201580;PASQUILLA - FOPAE;bogota;bogota;alto magdalena;4.447;-74.155;2015-12-05 15:55:00;2015-12-05 15:55:00;;;(1, 3);20.1;20.1;20.1;0.0;20.1
37;21201580;PASQUILLA - FOPAE;bogota;bogota;alto magdalena;4.447;-74.155;2015-12-05 15:55:00;2015-12-05 15:55:00;;;(1, 3);20.1;20.1;20.1;0.0;20.1
38;21201580;PASQUILLA - FOPAE;bogota;bogota;alto magdalena;4.447;-74.155;2015-12-05 15:55:00;2015-12-05 15:55:00;;;(1, 3);20.1;20.1;20.1;0.0;20.1
39;21201580;PASQUILLA - FOPAE;bogota;bogota;alto magdalena;4.447;-74.155;2015-12-05 15:55:00;2015-12-05 15:55:00;;;(1, 3);20.1;20.1;20.1;0.0;20.1
40;21201580;PASQUILLA - FOPAE;bogota;bogota;alto magdalena;4.447;-74.155;2015-12-05 15:55:00;2015-12-05 15:55:00;;;(1, 3);20.1;20.1;20.1;0.0;20.1
41;21201580;PASQUILLA - FOPAE;bogota;bogota;alto magdalena;4.447;-74.155;2015-12-05 15:55:00;2015-12-05 15:55:00;;;(1, 3);20.1;20.1;20.1;0.0;20.1
42;21201580;PASQUILLA - FOPAE;bogota;bogota;alto magdalena;4.447;-74.155;2015-12-05 15:55:00;2015-12-05 15:55:00;;;(1, 3);20.1;20.1;20.1;0.0;20.1
43;21201580;PASQUILLA - FOPAE;bogota;bogota;alto magdalena;4.447;-74.155;2015-12-05 15:55:00;2015-12-05 15:55:00;;;(1, 3);20.1;20.1;20.1;0.0;20.1
44;21201580;PASQUILLA - FOPAE;bogota;bogota;alto magdalena;4.447;-74.155;2015-12-05 15:55:00;2015-12-05 15:55:00;;;(1, 3);20.1;20.1;20.1;0.0;20.1
45;21201580;PASQUILLA - FOPAE;bogota;bogota;alto magdalena;4.447;-74.155;2015-12-05 15:55:00;2015-12-05 15:55:00;;;(1, 3);20.1;20.1;20.1;0.0;20.1
46;21201580;PASQUILLA - FOPAE;bogota;bogota;alto magdalena;4.447;-74.155;2015-12-05 15:55:00;2015-12-05 15:55:00;;;(1, 3);20.1;20.1;20.1;0.0;20.1
47;21201580;PASQUILLA - FOPAE;bogota;bogota;alto magdalena;4.447;-74.155;2015-12-05 15:55:00;2015-12-05 15:55:00;;;(1, 3);20.1;20.1;20.1;0.0;20.1
48;21201580;PASQUILLA - FOPAE;bogota;bogota;alto magdalena;4.447;-74.155;2015-12-05 15:55:00;2015-12-05 15:55:00;;;(1, 3);20.1;20.1;20.1;0.0;20.1
49;21201580;PASQUILLA - FOPAE;bogota;bogota;alto magdalena;4.447;-74.155;2015-12-05 15:55:00;2015-12-05 15:55:00;;;(1, 3);20.1;20.1;20.1;0.0;20.1
50;21201580;PASQUILLA - FOPAE;bogota;bogota;alto magdalena;4.447;-74.155;2015-12-05 15:55:00;2015-12-05 15:55:00;;;(1, 3);20.1;20.1;20.1;0.0;20.1
51;21201580;PASQUILLA - FOPAE;bogota;bogota;alto magdalena;4.447;-74.155;2015-12-05 15:55:00;2015-12-05 15:55:00;;;(1, 3);20.1;20.1;20.1;0.0;20.1
52;21201580;PASQUILLA - FOPAE;bogota;bogota;alto magdalena;4.447;-74.155;2015-12-05 15:55:00;2015-12-05 15:55:00;;;(1, 3);20.1;20.1;20.1;0.0;20.1
53;21201580;PASQUILLA - FOPAE;bogota;bogota;alto magdalena;4.447;-74.155;2015-12-05 15:55:00;2015-12-05 15:55:00;;;(1, 3);20.1;20.1;20.1;0.0;20.1
54;21201580;PASQUILLA - FOPAE;bogota;bogota;alto magdalena;4.447;-74.155;2015-12-05 15:55:00;2015-12-05 15:55:00;;;(1, 3);20.1;20.1;20.1;0.0;20.1
55;21201580;PASQUILLA - FOPAE;bogota;bogota;alto magdalena;4.447;-74.155;2015-12-05 15:55:00;2015-12-05 15:55:00;;;(1, 3);20.1;20.1;20.1;0.0;20.1
56;21201580;PASQUILLA - FOPAE;bogota;bogota;alto magdalena;4.447;-74.155;2015-12-05 15:55:00;2015-12-05 15:55:00;;;(1, 3);20.1;20.1;20.1;0.0;20.1
57;21201580;PASQUILLA - FOPAE;bogota;bogota;alto magdalena;4.447;-74.155;2015-12-05 15:55:00;2015-12-05 15:55:00;;;(1, 3);20.1;20.1;20.1;0.0;20.1
58;21201580;PASQUILLA - FOPAE;bogota;bogota;alto magdalena;4.447;-74.155;2015-12-05 15:55:00;2015-12-05 15:55:00;;;(1, 3);20.1;20.1;20.1;0.0;20.1
59;21201580;PASQUILLA - FOPAE;bogota;bogota;alto magdalena;4.447;-74.155;2015-12-05 15:55:00;2015-12-05 15:55:00;;;(1, 3);20.1;20.1;20.1;0.0;20.1
60;21201580;PASQUILLA - FOPAE;bogota;bogota;alto magdalena;4.447;-74.155;2015-12-05 15:55:00;2015-12-05 15:55:00;;;(1, 3);20.1;20.1;20.1;0.0;20.1
61;21201580;PASQUILLA - FOPAE;bogota;bogota;alto magdalena;4.447;-74.155;2015-12-05 15:55:00;2015-12-05 15:55:00;;;(1, 3);20.1;20.1;20.1;0.0;20.1
62;21201580;PASQUILLA - FOPAE;bogota;bogota;alto magdalena;4.447;-74.155;2015-12-05 15:55:00;2015-12-05 15:55:00;;;(1, 3);20.1;20.1;20.1;0.0;20.1
63;21201580;PASQUILLA - FOPAE;bogota;bogota;alto magdalena;4.447;-74.155;2015-12-05 15:55:00;2015-12-05 15:55:00;;;(1, 3);20.1;20.1;20.1;0.0;20.1
64;21201580;PASQUILLA - FOPAE;bogota;bogota;alto magdalena;4.447;-74.155;2015-12-05 15:55:00;2015-12-05 15:55:00;;;(1, 3);20.1;20.1;20.1;0.0;20.1
65;21201580;PASQUILLA - FOPAE;bogota;bogota;alto magdalena;4.447;-74.155;2015-12-05 15:55:00;2015-12-05 15:55:00;;;(1, 3);20.1;20.1;20.1;0.0;20.1
66;21201580;PASQUILLA - FOPAE;bogota;bogota;alto magdalena;4.447;-74.155;2015-12-05 15:55:00;2015-12-05 15:55:00;;;(1, 3);20.1;20.1;20.1;0.0;20.1
67;21201580;PASQUILLA - FOPAE;bogota;bogota;alto magdalena;4.447;-74.155;2015-12-05 15:55:00;2015-12-05 15:55:00;;;(1, 3);20.1;20.1;20.1;0.0;20.1
68;21201580;PASQUILLA - FOPAE;bogota;bogota;alto magdalena;4.447;-74.155;2015-12-05 15:55:00;2015-12-05 15:55:00;;;(1, 3);20.1;20.1;20.1;0.0;20.1
69;21201580;PASQUILLA - FOPAE;bogota;bogota;alto magdalena;4.447;-74.155;2015-12-05 15:55:00;2015-12-05 15:55:00;;;(1, 3);20.1;20.1;20.1;0.0;20.1
70;21201580;PASQUILLA - FOPAE;bogota;bogota;alto magdalena;4.447;-74.155;2015-12-05 15:55:00;2015-12-05 15:55:00;;;(1, 3);20.1;20.1;20.1;0.0;20.1
71;21201580;PASQUILLA - FOPAE;bogota;bogota;alto magdalena;4.447;-74.155;2015-12-05 15:55:00;2015-12-05 15:55:00;;;(1, 3);20.1;20.1;20.1;0.0;20.1
72;21201580;PASQUILLA - FOPAE;bogota;bogota;alto magdalena;4.447;-74.155;2015-12-05 15:55:00;2015-12-05 15:55:00;;;(1, 3);20.1;20.1;20.1;0.0;20.1
73;21201580;PASQUILLA - FOPAE;bogota;bogota;alto magdalena;4.447;-74.155;2015-12-05 15:55:00;2015-12-05 15:55:00;;;(1, 3);20.1;20.1;20.1;0.0;20.1
74;21201580;PASQUILLA - FOPAE;bogota;bogota;alto magdalena;4.447;-74.155;2015-12-05 15:55:00;2015-12-05 15:55:00;;;(1, 3);20.1;20.1;20.1;0.0;20.1
75;21201580;PASQUILLA - FOPAE;bogota;bogota;alto magdalena;4.447;-74.155;2015-12-05 15:55:00;2015-12-05 15:55:00;;;(1, 3);20.1;20.1;20.1;0.0;20.1
76;21201580;PASQUILLA - FOPAE;bogota;bogota;alto magdalena;4.447;-74.155;2015-12-05 15:55:00;2015-12-05 15:55:00;;;(1, 3);20.1;20.1;20.1;0.0;20.1
77;21201580;PASQUILLA - FOPAE;bogota;bogota;alto magdalena;4.447;-74.155;2015-12-05 15:55:00;2015-12-05 15:55:00;;;(1, 3);20.1;20.1;20.1;0.0;20.1
78;21201580;PASQUILLA - FOPAE;bogota;bogota;alto magdalena;4.447;-74.155;2015-12-05 15:55:00;2015-12-05 15:55:00;;;(1, 3);20.1;20.1;20.1;0.0;20.1
79;21201580;PASQUILLA - FOPAE;bogota;bogota;alto magdalena;4.447;-74.155;2015-12-05 15:55:00;2015-12-05 15:55:00;;;(1, 3);20.1;20.1;20.1;0.0;20.1
80;21201580;PASQUILLA - FOPAE;bogota;bogota;alto magdalena;4.447;-74.155;2015-12-05 15:55:00;2015-12-05 15:55:00;;;(1, 3);20.1;20.1;20.1;0.0;20.1
81;21201580;PASQUILLA - FOPAE;bogota;bogota;alto magdalena;4.447;-74.155;2015-12-05 15:55:00;2015-12-05 15:55:00;;;(1, 3);20.1;20.1;20.1;0.0;20.1
82;21201580;PASQUILLA - FOPAE;bogota;bogota;alto magdalena;4.447;-74.155;2015-12-05 15:55:00;2015-12-05 15:55:00;;;(1, 3);20.1;20.1;20.1;0.0;20.1
83;21201580;PASQUILLA - FOPAE;bogota;bogota;alto magdalena;4.447;-74.155;2015-12-05 15:55:00;2015-12-05 15:55:00;;;(1, 3);20.1;20.1;20.1;0.0;20.1
84;21201580;PASQUILLA - FOPAE;bogota;bogota;alto magdalena;4.447;-74.155;2015-12-05 15:55:00;2015-12-05 15:55:00;;;(1, 3);20.1;20.1;20.1;0.0;20.1
85;21201580;PASQUILLA - FOPAE;bogota;bogota;alto magdalena;4.447;-74.155;2015-12-05 15:55:00;2015-12-05 15:55:00;;;(1, 3);20.1;20.1;20.1;0.0;20.1
86;21201580;PASQUILLA - FOPAE;bogota;bogota;alto magdalena;4.447;-74.155;2015-12-05 15:55:00;2015-12-05 15:55:00;;;(1, 3);20.1;20.1;20.1;0.0;20.1
87;21201580;PASQUILLA - FOPAE;bogota;bogota;alto magdalena;4.447;-74.155;2015-12-05 15:55:00;2015-12-05 15:55:00;;;(1, 3);20.1;20.1;20.1;0.0;20.1
88;21201580;PASQUILLA - FOPAE;bogota;bogota;alto magdalena;4.447;-74.155;2015-12-05 15:55:00;2015-12-05 15:55:00;;;(1, 3);20.1;20.1;20.1;0.0;20.1
89;21201580;PASQUILLA - FOPAE;bogota;bogota;alto magdalena;4.447;-74.155;2015-12-05 15:55:00;2015-12-05 15:55:00;;;(1, 3);20.1;20.1;20.1;0.0;20.1
90;21201580;PASQUILLA - FOPAE;bogota;bogota;alto magdalena;4.447;-74.155;2015-12-05 15:55:00;2015-12-05 15:55:00;;;(1, 3);20.1;20.1;20.1;0.0;20.1
91;21201580;PASQUILLA - FOPAE;bogota;bogota;alto magdalena;4.447;-74.155;2015-12-05 15:55:00;2015-12-05 15:55:00;;;(1, 3);20.1;20.1;20.1;0.0;20.1
92;21201580;PASQUILLA - FOPAE;bogota;bogota;alto magdalena;4.447;-74.155;2015-12-05 15:55:00;2015-12-05 15:55:00;;;(1, 3);20.1;20.1;20.1;0.0;20.1
93;21201580;PASQUILLA - FOPAE;bogota;bogota;alto magdalena;4.447;-74.155;2015-12-05 15:55:00;2015-12-05 15:55:00;;;(1, 3);20.1;20.1;20.1;0.0;20.1
94;21201580;PASQUILLA - FOPAE;bogota;bogota;alto magdalena;4.447;-74.155;2015-12-05 15:55:00;2015-12-05 15:55:00;;;(1, 3);20.1;20.1;20.1;0.0;20.1
95;21201580;PASQUILLA - FOPAE;bogota;bogota;alto magdalena;4.447;-74.155;2015-12-05 15:55:00;2015-12-05 15:55:00;;;(1, 3);20.1;20.1;20.1;0.0;20.1
96;21201580;PASQUILLA - FOPAE;bogota;bogota;alto magdalena;4.447;-74.155;2015-12-05 15:55:00;2015-12-05 15:55:00;;;(1, 3);20.1;20.1;20.1;0.0;20.1
97;21201580;PASQUILLA - FOPAE;bogota;bogota;alto magdalena;4.447;-74.155;2015-12-05 15:55:00;2015-12-05 15:55:00;;;(1, 3);20.1;20.1;20.1;0.0;20.1
98;21201580;PASQUILLA - FOPAE;bogota;bogota;alto magdalena;4.447;-74.155;2015-12-05 15:55:00;2015-12-05 15:55:00;;;(1, 3);20.1;20.1;20.1;0.0;20.1
99;21201580;PASQUILLA - FOPAE;bogota;bogota;alto magdalena;4.447;-74.155;2015-12-05 15:55:00;2015-12-05 15:55:00;;;(1, 3);20.1;20.1;20.1;0.0;20.1
100;21201580;PASQUILLA - FOPAE;bogota;bogota;alto magdalena;4.447;-74.155;2015-12-05 15:55:00;2015-12-05 15:55:00;;;(1, 3);20.1;20.1;20.1;0.0;20.1
101;21201580;PASQUILLA - FOPAE;bogota;bogota;alto magdalena;4.447;-74.155;2015-12-05 15:55:00;2015-12-05 15:55:00;;;(1, 3);20.1;20.1;20.1;0.0;20.1
102;21201580;PASQUILLA - FOPAE;bogota;bogota;alto magdalena;4.447;-74.155;2015-12-05 15:55:00;2015-12-05 15:55:00;;;(1, 3);20.1;20.1;20.1;0.0;20.1
103;21201580;PASQUILLA - FOPAE;bogota;bogota;alto magdalena;4.447;-74.155;2015-12-05 15:55:00;2015-12-05 15:55:00;;;(1, 3);20.1;20.1;20.1;0.0;20.1
104;21201580;PASQUILLA - FOPAE;bogota;bogota;alto magdalena;4.447;-74.155;2015-12-05 15:55:00;2015-12-05 15:55:00;;;(1, 3);20.1;20.1;20.1;0.0;20.1
105;21201580;PASQUILLA - FOPAE;bogota;bogota;alto magdalena;4.447;-74.155;2015-12-05 15:55:00;2015-12-05 15:55:00;;;(1, 3);20.1;20.1;20.1;0.0;20.1
106;21201580;PASQUILLA - FOPAE;bogota;bogota;alto magdalena;4.447;-74.155;2015-12-05 15:55:00;2015-12-05 15:55:00;;;(1, 3);20.1;20.1;20.1;0.0;20.1
107;21201580;PASQUILLA - FOPAE;bogota;bogota;alto magdalena;4.447;-74.155;2015-12-05 15:55:00;2015-12-05 15:55:00;;;(1, 3);20.1;20.1;20.1;0.0;20.1
108;21201580;PASQUILLA - FOPAE;bogota;bogota;alto magdalena;4.447;-74.155;2015-12-05 15:55:00;2015-12-05 15:55:00;;;(1, 3);20.1;20.1;20.1;0.0;20.1
109;21201580;PASQUILLA - FOPAE;bogota;bogota;alto magdalena;4.447;-74.155;2015-12-05 15:55:00;2015-12-05 15:55:00;;;(1, 3);20.1;20.1;20.1;0.0;20.1
110;21201580;PASQUILLA - FOPAE;bogota;bogota;alto magdalena;4.447;-74.155;2015-12-05 15:55:00;2015-12-05 15:55:00;;;(1, 3);20.1;20.1;20.1;0.0;20.1
111;21201580;PASQUILLA - FOPAE;bogota;bogota;alto magdalena;4.447;-74.155;2015-12-05 15:55:00;2015-12-05 15:55:00;;;(1, 3);20.1;20.1;20.1;0.0;20.1
112;21201580;PASQUILLA - FOPAE;bogota;bogota;alto magdalena;4.447;-74.155;2015-12-05 15:55:00;2015-12-05 15:55:00;;;(1, 3);20.1;20.1;20.1;0.0;20.1
113;21201580;PASQUILLA - FOPAE;bogota;bogota;alto magdalena;4.447;-74.155;2015-12-05 15:55:00;2015-12-05 15:55:00;;;(1, 3);20.1;20.1;20.1;0.0;20.1
114;21201580;PASQUILLA - FOPAE;bogota;bogota;alto magdalena;4.447;-74.155;2015-12-05 15:55:00;2015-12-05 15:55:00;;;(1, 3);20.1;20.1;20.1;0.0;20.1
115;21201580;PASQUILLA - FOPAE;bogota;bogota;alto magdalena;4.447;-74.155;2015-12-05 15:55:00;2015-12-05 15:55:00;;;(1, 3);20.1;20.1;20.1;0.0;20.1
116;21201580;PASQUILLA - FOPAE;bogota;bogota;alto magdalena;4.447;-74.155;2015-12-05 15:55:00;2015-12-05 15:55:00;;;(1, 3);20.1;20.1;20.1;0.0;20.1
117;21201580;PASQUILLA - FOPAE;bogota;bogota;alto magdalena;4.447;-74.155;2015-12-05 15:55:00;2015-12-05 15:55:00;;;(1, 3);20.1;20.1;20.1;0.0;20.1
118;21201580;PASQUILLA - FOPAE;bogota;bogota;alto magdalena;4.447;-74.155;2015-12-05 15:55:00;2015-12-05 15:55:00;;;(1, 3);20.1;20.1;20.1;0.0;20.1
119;21201580;PASQUILLA - FOPAE;bogota;bogota;alto magdalena;4.447;-74.155;2015-12-05 15:55:00;2015-12-05 15:55:00;;;(1, 3);20.1;20.1;20.1;0.0;20.1
120;21201580;PASQUILLA - FOPAE;bogota;bogota;alto magdalena;4.447;-74.155;2015-12-05 15:55:00;2015-12-05 15:55:00;;;(1, 3);20.1;20.1;20.1;0.0;20.1
121;21201580;PASQUILLA - FOPAE;bogota;bogota;alto magdalena;4.447;-74.155;2015-12-05 15:55:00;2015-12-05 15:55:00;;;(1, 3);20.1;20.1;20.1;0.0;20.1
122;21201580;PASQUILLA - FOPAE;bogota;bogota;alto magdalena;4.447;-74.155;2015-12-05 15:55:00;2015-12-05 15:55:00;;;(1, 3);20.1;20.1;20.1;0.0;20.1
123;21201580;PASQUILLA - FOPAE;bogota;bogota;alto magdalena;4.447;-74.155;2015-12-05 15:55:00;2015-12-05 15:55:00;;;(1, 3);20.1;20.1;20.1;0.0;20.1
124;21201580;PASQUILLA - FOPAE;bogota;bogota;alto magdalena;4.447;-74.155;2015-12-05 15:55:00;2015-12-05 15:55:00;;;(1, 3);20.1;20.1;20.1;0.0;20.1
125;21201580;PASQUILLA - FOPAE;bogota;bogota;alto magdalena;4.447;-74.155;2015-12-05 15:55:00;2015-12-05 15:55:00;;;(1, 3);20.1;20.1;20.1;0.0;20.1
126;21201580;PASQUILLA - FOPAE;bogota;bogota;alto magdalena;4.447;-74.155;2015-12-05 15:55:00;2015-12-05 15:55:00;;;(1, 3);20.1;20.1;20.1;0.0;20.1
127;21201580;PASQUILLA - FOPAE;bogota;bogota;alto magdalena;4.447;-74.155;2015-12-05 15:55:00;2015-12-05 15:55:00;;;(1, 3);20.1;20.1;20.1;0.0;20.1
128;21201580;PASQUILLA - FOPAE;bogota;bogota;alto magdalena;4.447;-74.155;2015-12-05 15:55:00;2015-12-05 15:55:00;;;(1, 3);20.1;20.1;20.1;0.0;20.1
129;21201580;PASQUILLA - FOPAE;bogota;bogota;alto magdalena;4.447;-74.155;2015-12-05 15:55:00;2015-12-05 15:55:00;;;(1, 3);20.1;20.1;20.1;0.0;20.1
130;21201580;PASQUILLA - FOPAE;bogota;bogota;alto magdalena;4.447;-74.155;2015-12-05 15:55:00;2015-12-05 15:55:00;;;(1, 3);20.1;20.1;20.1;0.0;20.1
131;21201580;PASQUILLA - FOPAE;bogota;bogota;alto magdalena;4.447;-74.155;2015-12-05 15:55:00;2015-12-05 15:55:00;;;(1, 3);20.1;20.1;20.1;0.0;20.1
132;21201580;PASQUILLA - FOPAE;bogota;bogota;alto magdalena;4.447;-74.155;2015-12-05 15:55:00;2015-12-05 15:55:00;;;(1, 3);20.1;20.1;20.1;0.0;20.1
133;21201580;PASQUILLA - FOPAE;bogota;bogota;alto magdalena;4.447;-74.155;2015-12-05 15:55:00;2015-12-05 15:55:00;;;(1, 3);20.1;20.1;20.1;0.0;20.1
134;21201580;PASQUILLA - FOPAE;bogota;bogota;alto magdalena;4.447;-74.155;2015-12-05 15:55:00;2015-12-05 15:55:00;;;(1, 3);20.1;20.1;20.1;0.0;20.1
135;21201580;PASQUILLA - FOPAE;bogota;bogota;alto magdalena;4.447;-74.155;2015-12-05 15:55:00;2015-12-05 15:55:00;;;(1, 3);20.1;20.1;20.1;0.0;20.1
136;21201580;PASQUILLA - FOPAE;bogota;bogota;alto magdalena;4.447;-74.155;2015-12-05 15:55:00;2015-12-05 15:55:00;;;(1, 3);20.1;20.1;20.1;0.0;20.1
137;21201580;PASQUILLA - FOPAE;bogota;bogota;alto magdalena;4.447;-74.155;2015-12-05 15:55:00;2015-12-05 15:55:00;;;(1, 3);20.1;20.1;20.1;0.0;20.1
138;21201580;PASQUILLA - FOPAE;bogota;bogota;alto magdalena;4.447;-74.155;2015-12-05 15:55:00;2015-12-05 15:55:00;;;(1, 3);20.1;20.1;20.1;0.0;20.1
139;21201580;PASQUILLA - FOPAE;bogota;bogota;alto magdalena;4.447;-74.155;2015-12-05 15:55:00;2015-12-05 15:55:00;;;(1, 3);20.1;20.1;20.1;0.0;20.1
140;21201580;PASQUILLA - FOPAE;bogota;bogota;alto magdalena;4.447;-74.155;2015-12-05 15:55:00;2015-12-05 15:55:00;;;(1, 3);20.1;20.1;20.1;0.0;20.1
141;21201580;PASQUILLA - FOPAE;bogota;bogota;alto magdalena;4.447;-74.155;2015-12-05 15:55:00;2015-12-05 15:55:00;;;(1, 3);20.1;20.1;20.1;0.0;20.1
142;21201580;PASQUILLA - FOPAE;bogota;bogota;alto magdalena;4.447;-74.155;2015-12-05 15:55:00;2015-12-05 15:55:00;;;(1, 3);20.1;20.1;20.1;0.0;20.1
143;21201580;PASQUILLA - FOPAE;bogota;bogota;alto magdalena;4.447;-74.155;2015-12-05 15:55:00;2015-12-05 15:55:00;;;(1, 3);20.1;20.1;20.1;0.0;20.1
144;21201580;PASQUILLA - FOPAE;bogota;bogota;alto magdalena;4.447;-74.155;2015-12-05 15:55:00;2015-12-05 15:55:00;;;(1, 3);20.1;20.1;20.1;0.0;20.1
145;21201580;PASQUILLA - FOPAE;bogota;bogota;alto magdalena;4.447;-74.155;2015-12-05 15:55:00;2015-12-05 15:55:00;;;(1, 3);20.1;20.1;20.1;0.0;20.1
146;21201580;PASQUILLA - FOPAE;bogota;bogota;alto magdalena;4.447;-74.155;2015-12-05 15:55:00;2015-12-05 15:55:00;;;(1, 3);20.1;20.1;20.1;0.0;20.1
147;21201580;PASQUILLA - FOPAE;bogota;bogota;alto magdalena;4.447;-74.155;2015-12-05 15:55:00;2015-12-05 15:55:00;;;(1, 3);20.1;20.1;20.1;0.0;20.1
148;21201580;PASQUILLA - FOPAE;bogota;bogota;alto magdalena;4.447;-74.155;2015-12-05 15:55:00;2015-12-05 15:55:00;;;(1, 3);20.1;20.1;20.1;0.0;20.1
149;21201580;PASQUILLA - FOPAE;bogota;bogota;alto magdalena;4.447;-74.155;2015-12-05 15:55:00;2015-12-05 15:55:00;;;(1, 3);20.1;20.1;20.1;0.0;20.1
150;21201580;PASQUILLA - FOPAE;bogota;bogota;alto magdalena;4.447;-74.155;2015-12-05 15:55:00;2015-12-05 15:55:00;;;(1, 3);20.1;20.1;20.1;0.0;20.1
151;21201580;PASQUILLA - FOPAE;bogota;bogota;alto magdalena;4.447;-74.155;2015-12-05 15:55:00;2015-12-05 15:55:00;;;(1, 3);20.1;20.1;20.1;0.0;20.1
152;21201580;PASQUILLA - FOPAE;bogota;bogota;alto magdalena;4.447;-74.155;2015-12-05 15:55:00;2015-12-05 15:55:00;;;(1, 3);20.1;20.1;20.1;0.0;20.1
153;21201580;PASQUILLA - FOPAE;bogota;bogota;alto magdalena;4.447;-74.155;2015-12-05 15:55:00;2015-12-05 15:55:00;;;(1, 3);20.1;20.1;20.1;0.0;20.1
154;21201580;PASQUILLA - FOPAE;bogota;bogota;alto magdalena;4.447;-74.155;2015-12-05 15:55:00;2015-12-05 15:55:00;;;(1, 3);20.1;20.1;20.1;0.0;20.1
155;21201580;PASQUILLA - FOPAE;bogota;bogota;alto magdalena;4.447;-74.155;2015-12-05 15:55:00;2015-12-05 15:55:00;;;(1, 3);20.1;20.1;20.1;0.0;20.1
156;21201580;PASQUILLA - FOPAE;bogota;bogota;alto magdalena;4.447;-74.155;2015-12-05 15:55:00;2015-12-05 15:55:00;;;(1, 3);20.1;20.1;20.1;0.0;20.1
157;21201580;PASQUILLA - FOPAE;bogota;bogota;alto magdalena;4.447;-74.155;2015-12-05 15:55:00;2015-12-05 15:55:00;;;(1, 3);20.1;20.1;20.1;0.0;20.1
158;21201580;PASQUILLA - FOPAE;bogota;bogota;alto magdalena;4.447;-74.155;2015-12-05 15:55:00;2015-12-05 15:55:00;;;(1, 3);20.1;20.1;20.1;0.0;20.1
159;21201580;PASQUILLA - FOPAE;bogota;bogota;alto magdalena;4.447;-74.155;2015-12-05 15:55:00;2015-12-05 15:55:00;;;(1, 3);20.1;20.1;20.1;0.0;20.1
160;21201580;PASQUILLA - FOPAE;bogota;bogota;alto magdalena;4.447;-74.155;2015-12-05 15:55:00;2015-12-05 15:55:00;;;(1, 3);20.1;20.1;20.1;0.0;20.1
161;21201580;PASQUILLA - FOPAE;bogota;bogota;alto magdalena;4.447;-74.155;2015-12-05 15:55:00;2015-12-05 15:55:00;;;(1, 3);20.1;20.1;20.1;0.0;20.1
162;21201580;PASQUILLA - FOPAE;bogota;bogota;alto magdalena;4.447;-74.155;2015-12-05 15:55:00;2015-12-05 15:55:00;;;(1, 3);20.1;20.1;20.1;0.0;20.1
163;21201580;PASQUILLA - FOPAE;bogota;bogota;alto magdalena;4.447;-74.155;2015-12-05 15:55:00;2015-12-05 15:55:00;;;(1, 3);20.1;20.1;20.1;0.0;20.1
164;21201580;PASQUILLA - FOPAE;bogota;bogota;alto magdalena;4.447;-74.155;2015-12-05 15:55:00;2015-12-05 15:55:00;;;(1, 3);20.1;20.1;20.1;0.0;20.1
165;21201580;PASQUILLA - FOPAE;bogota;bogota;alto magdalena;4.447;-74.155;2015-12-05 15:55:00;2015-12-05 15:55:00;;;(1, 3);20.1;20.1;20.1;0.0;20.1
166;21201580;PASQUILLA - FOPAE;bogota;bogota;alto magdalena;4.447;-74.155;2015-12-05 15:55:00;2015-12-05 15:55:00;;;(1, 3);20.1;20.1;20.1;0.0;20.1
167;21201580;PASQUILLA - FOPAE;bogota;bogota;alto magdalena;4.447;-74.155;2015-12-05 15:55:00;2015-12-05 15:55:00;;;(1, 3);20.1;20.1;20.1;0.0;20.1
168;21201580;PASQUILLA - FOPAE;bogota;bogota;alto magdalena;4.447;-74.155;2015-12-05 15:55:00;2015-12-05 15:55:00;;;(1, 3);20.1;20.1;20.1;0.0;20.1
169;21201580;PASQUILLA - FOPAE;bogota;bogota;alto magdalena;4.447;-74.155;2015-12-05 15:55:00;2015-12-05 15:55:00;;;(1, 3);20.1;20.1;20.1;0.0;20.1
170;21201580;PASQUILLA - FOPAE;bogota;bogota;alto magdalena;4.447;-74.155;2015-12-05 15:55:00;2015-12-05 15:55:00;;;(1, 3);20.1;20.1;20.1;0.0;20.1
171;21201580;PASQUILLA - FOPAE;bogota;bogota;alto magdalena;4.447;-74.155;2015-12-05 15:55:00;2015-12-05 15:55:00;;;(1, 3);20.1;20.1;20.1;0.0;20.1
172;21201580;PASQUILLA - FOPAE;bogota;bogota;alto magdalena;4.447;-74.155;2015-12-05 15:55:00;2015-12-05 15:55:00;;;(1, 3);20.1;20.1;20.1;0.0;20.1
173;21201580;PASQUILLA - FOPAE;bogota;bogota;alto magdalena;4.447;-74.155;2015-12-05 15:55:00;2015-12-05 15:55:00;;;(1, 3);20.1;20.1;20.1;0.0;20.1
174;21201580;PASQUILLA - FOPAE;bogota;bogota;alto magdalena;4.447;-74.155;2015-12-05 15:55:00;2015-12-05 15:55:00;;;(1, 3);20.1;20.1;20.1;0.0;20.1
175;21201580;PASQUILLA - FOPAE;bogota;bogota;alto magdalena;4.447;-74.155;2015-12-05 15:55:00;2015-12-05 15:55:00;;;(1, 3);20.1;20.1;20.1;0.0;20.1
176;21201580;PASQUILLA - FOPAE;bogota;bogota;alto magdalena;4.447;-74.155;2015-12-05 15:55:00;2015-12-05 15:55:00;;;(1, 3);20.1;20.1;20.1;0.0;20.1
177;21201580;PASQUILLA - FOPAE;bogota;bogota;alto magdalena;4.447;-74.155;2015-12-05 15:55:00;2015-12-05 15:55:00;;;(1, 3);20.1;20.1;20.1;0.0;20.1
178;21201580;PASQUILLA - FOPAE;bogota;bogota;alto magdalena;4.447;-74.155;2015-12-05 15:55:00;2015-12-05 15:55:00;;;(1, 3);20.1;20.1;20.1;0.0;20.1
179;21201580;PASQUILLA - FOPAE;bogota;bogota;alto magdalena;4.447;-74.155;2015-12-05 15:55:00;2015-12-05 15:55:00;;;(1, 3);20.1;20.1;20.1;0.0;20.1
180;21201580;PASQUILLA - FOPAE;bogota;bogota;alto magdalena;4.447;-74.155;2015-12-05 15:55:00;2015-12-05 15:55:00;;;(1, 3);20.1;20.1;20.1;0.0;20.1
181;21201580;PASQUILLA - FOPAE;bogota;bogota;alto magdalena;4.447;-74.155;2015-12-05 15:55:00;2015-12-05 15:55:00;;;(1, 3);20.1;20.1;20.1;0.0;20.1
182;21201580;PASQUILLA - FOPAE;bogota;bogota;alto magdalena;4.447;-74.155;2015-12-05 15:55:00;2015-12-05 15:55:00;;;(1, 3);20.1;20.1;20.1;0.0;20.1
183;21201580;PASQUILLA - FOPAE;bogota;bogota;alto magdalena;4.447;-74.155;2015-12-05 15:55:00;2015-12-05 15:55:00;;;(1, 3);20.1;20.1;20.1;0.0;20.1
184;21201580;PASQUILLA - FOPAE;bogota;bogota;alto magdalena;4.447;-74.155;2015-12-05 15:55:00;2015-12-05 15:55:00;;;(1, 3);20.1;20.1;20.1;0.0;20.1
185;21201580;PASQUILLA - FOPAE;bogota;bogota;alto magdalena;4.447;-74.155;2015-12-05 15:55:00;2015-12-05 15:55:00;;;(1, 3);20.1;20.1;20.1;0.0;20.1
186;21201580;PASQUILLA - FOPAE;bogota;bogota;alto magdalena;4.447;-74.155;2015-12-05 15:55:00;2015-12-05 15:55:00;;;(1, 3);20.1;20.1;20.1;0.0;20.1
187;21201580;PASQUILLA - FOPAE;bogota;bogota;alto magdalena;4.447;-74.155;2015-12-05 15:55:00;2015-12-05 15:55:00;;;(1, 3);20.1;20.1;20.1;0.0;20.1
188;21201580;PASQUILLA - FOPAE;bogota;bogota;alto magdalena;4.447;-74.155;2015-12-05 15:55:00;2015-12-05 15:55:00;;;(1, 3);20.1;20.1;20.1;0.0;20.1
189;21201580;PASQUILLA - FOPAE;bogota;bogota;alto magdalena;4.447;-74.155;2015-12-05 15:55:00;2015-12-05 15:55:00;;;(1, 3);20.1;20.1;20.1;0.0;20.1
190;21201580;PASQUILLA - FOPAE;bogota;bogota;alto magdalena;4.447;-74.155;2015-12-05 15:55:00;2015-12-05 15:55:00;;;(1, 3);20.1;20.1;20.1;0.0;20.1
191;21201580;PASQUILLA - FOPAE;bogota;bogota;alto magdalena;4.447;-74.155;2015-12-05 15:55:00;2015-12-05 15:55:00;;;(1, 3);20.1;20.1;20.1;0.0;20.1
192;21201580;PASQUILLA - FOPAE;bogota;bogota;alto magdalena;4.447;-74.155;2015-12-05 15:55:00;2015-12-05 15:55:00;;;(1, 3);20.1;20.1;20.1;0.0;20.1
193;21201580;PASQUILLA - FOPAE;bogota;bogota;alto magdalena;4.447;-74.155;2015-12-05 15:55:00;2015-12-05 15:55:00;;;(1, 3);20.1;20.1;20.1;0.0;20.1
194;21201580;PASQUILLA - FOPAE;bogota;bogota;alto magdalena;4.447;-74.155;2015-12-05 15:55:00;2015-12-05 15:55:00;;;(1, 3);20.1;20.1;20.1;0.0;20.1
195;21201580;PASQUILLA - FOPAE;bogota;bogota;alto magdalena;4.447;-74.155;2015-12-05 15:55:00;2015-12-05 15:55:00;;;(1, 3);20.1;20.1;20.1;0.0;20.1
196;21201580;PASQUILLA - FOPAE;bogota;bogota;alto magdalena;4.447;-74.155;2015-12-05 15:55:00;2015-12-05 15:55:00;;;(1, 3);20.1;20.1;20.1;0.0;20.1
197;21201580;PASQUILLA - FOPAE;bogota;bogota;alto magdalena;4.447;-74.155;2015-12-05 15:55:00;2015-12-05 15:55:00;;;(1, 3);20.1;20.1;20.1;0.0;20.1
198;21201580;PASQUILLA - FOPAE;bogota;bogota;alto magdalena;4.447;-74.155;2015-12-05 15:55:00;2015-12-05 15:55:00;;;(1, 3);20.1;20.1;20.1;0.0;20.1
199;21201580;PASQUILLA - FOPAE;bogota;bogota;alto magdalena;4.447;-74.155;2015-12-05 15:55:00;2015-12-05 15:55:00;;;(1, 3);20.1;20.1;20.1;0.0;20.1
200;21201580;PASQUILLA - FOPAE;bogota;bogota;alto magdalena;4.447;-74.155;2015-12-05 15:55:00;2015-12-05 15:55:00;;;(1, 3);20.1;20.1;20.1;0.0;20.1
201;21201580;PASQUILLA - FOPAE;bogota;bogota;alto magdalena;4.447;-74.155;2015-12-05 15:55:00;2015-12-05 15:55:00;;;(1, 3);20.1;20.1;20.1;0.0;20.1
202;21201580;PASQUILLA - FOPAE;bogota;bogota;alto magdalena;4.447;-74.155;2015-12-05 15:55:00;2015-12-05 15:55:00;;;(1, 3);20.1;20.1;20.1;0.0;20.1
203;21201580;PASQUILLA - FOPAE;bogota;bogota;alto magdalena;4.447;-74.155;2015-12-05 15:55:00;2015-12-05 15:55:00;;;(1, 3);20.1;20.1;20.1;0.0;20.1
204;21201580;PASQUILLA - FOPAE;bogota;bogota;alto magdalena;4.447;-74.155;2015-12-05 15:55:00;2015-12-05 15:55:00;;;(1, 3);20.1;20.1;20.1;0.0;20.1
205;21201580;PASQUILLA - FOPAE;bogota;bogota;alto magdalena;4.447;-74.155;2015-12-05 15:55:00;2015-12-05 15:55:00;;;(1, 3);20.1;20.1;20.1;0.0;20.1
206;21201580;PASQUILLA - FOPAE;bogota;bogota;alto magdalena;4.447;-74.155;2015-12-05 15:55:00;2015-12-05 15:55:00;;;(1, 3);20.1;20.1;20.1;0.0;20.1
207;21201580;PASQUILLA - FOPAE;bogota;bogota;alto magdalena;4.447;-74.155;2015-12-05 15:55:00;2015-12-05 15:55:00;;;(1, 3);20.1;20.1;20.1;0.0;20.1
208;21201580;PASQUILLA - FOPAE;bogota;bogota;alto magdalena;4.447;-74.155;2015-12-05 15:55:00;2015-12-05 15:55:00;;;(1, 3);20.1;20.1;20.1;0.0;20.1
209;21201580;PASQUILLA - FOPAE;bogota;bogota;alto magdalena;4.447;-74.155;2015-12-05 15:55:00;2015-12-05 15:55:00;;;(1, 3);20.1;20.1;20.1;0.0;20.1
210;21201580;PASQUILLA - FOPAE;bogota;bogota;alto magdalena;4.447;-74.155;2015-12-05 15:55:00;2015-12-05 15:55:00;;;(1, 3);20.1;20.1;20.1;0.0;20.1
211;21201580;PASQUILLA - FOPAE;bogota;bogota;alto magdalena;4.447;-74.155;2015-12-05 15:55:00;2015-12-05 15:55:00;;;(1, 3);20.1;20.1;20.1;0.0;20.1
212;21201580;PASQUILLA - FOPAE;bogota;bogota;alto magdalena;4.447;-74.155;2015-12-05 15:55:00;2015-12-05 15:55:00;;;(1, 3);20.1;20.1;20.1;0.0;20.1
213;21201580;PASQUILLA - FOPAE;bogota;bogota;alto magdalena;4.447;-74.155;2015-12-05 15:55:00;2015-12-05 15:55:00;;;(1, 3);20.1;20.1;20.1;0.0;20.1
214;21201580;PASQUILLA - FOPAE;bogota;bogota;alto magdalena;4.447;-74.155;2015-12-05 15:55:00;2015-12-05 15:55:00;;;(1, 3);20.1;20.1;20.1;0.0;20.1
215;21201580;PASQUILLA - FOPAE;bogota;bogota;alto magdalena;4.447;-74.155;2015-12-05 15:55:00;2015-12-05 15:55:00;;;(1, 3);20.1;20.1;20.1;0.0;20.1
216;21201580;PASQUILLA - FOPAE;bogota;bogota;alto magdalena;4.447;-74.155;2015-12-05 15:55:00;2015-12-05 15:55:00;;;(1, 3);20.1;20.1;20.1;0.0;20.1
217;21201580;PASQUILLA - FOPAE;bogota;bogota;alto magdalena;4.447;-74.155;2015-12-05 15:55:00;2015-12-05 15:55:00;;;(1, 3);20.1;20.1;20.1;0.0;20.1
218;21201580;PASQUILLA - FOPAE;bogota;bogota;alto magdalena;4.447;-74.155;2015-12-05 15:55:00;2015-12-05 15:55:00;;;(1, 3);20.1;20.1;20.1;0.0;20.1
219;21201580;PASQUILLA - FOPAE;bogota;bogota;alto magdalena;4.447;-74.155;2015-12-05 15:55:00;2015-12-05 15:55:00;;;(1, 3);20.1;20.1;20.1;0.0;20.1
220;21201580;PASQUILLA - FOPAE;bogota;bogota;alto magdalena;4.447;-74.155;2015-12-05 15:55:00;2015-12-05 15:55:00;;;(1, 3);20.1;20.1;20.1;0.0;20.1
221;21201580;PASQUILLA - FOPAE;bogota;bogota;alto magdalena;4.447;-74.155;2015-12-05 15:55:00;2015-12-05 15:55:00;;;(1, 3);20.1;20.1;20.1;0.0;20.1
222;21201580;PASQUILLA - FOPAE;bogota;bogota;alto magdalena;4.447;-74.155;2015-12-05 15:55:00;2015-12-05 15:55:00;;;(1, 3);20.1;20.1;20.1;0.0;20.1
223;21201580;PASQUILLA - FOPAE;bogota;bogota;alto magdalena;4.447;-74.155;2015-12-05 15:55:00;2015-12-05 15:55:00;;;(1, 3);20.1;20.1;20.1;0.0;20.1
224;21201580;PASQUILLA - FOPAE;bogota;bogota;alto magdalena;4.447;-74.155;2015-12-05 15:55:00;2015-12-05 15:55:00;;;(1, 3);20.1;20.1;20.1;0.0;20.1
225;21201580;PASQUILLA - FOPAE;bogota;bogota;alto magdalena;4.447;-74.155;2015-12-05 15:55:00;2015-12-05 15:55:00;;;(1, 3);20.1;20.1;20.1;0.0;20.1
226;21201580;PASQUILLA - FOPAE;bogota;bogota;alto magdalena;4.447;-74.155;2015-12-05 15:55:00;2015-12-05 15:55:00;;;(1, 3);20.1;20.1;20.1;0.0;20.1
227;21201580;PASQUILLA - FOPAE;bogota;bogota;alto magdalena;4.447;-74.155;2015-12-05 15:55:00;2015-12-05 15:55:00;;;(1, 3);20.1;20.1;20.1;0.0;20.1
228;21201580;PASQUILLA - FOPAE;bogota;bogota;alto magdalena;4.447;-74.155;2015-12-05 15:55:00;2015-12-05 15:55:00;;;(1, 3);20.1;20.1;20.1;0.0;20.1
229;21201580;PASQUILLA - FOPAE;bogota;bogota;alto magdalena;4.447;-74.155;2015-12-05 15:55:00;2015-12-05 15:55:00;;;(1, 3);20.1;20.1;20.1;0.0;20.1
230;21201580;PASQUILLA - FOPAE;bogota;bogota;alto magdalena;4.447;-74.155;2015-12-05 15:55:00;2015-12-05 15:55:00;;;(1, 3);20.1;20.1;20.1;0.0;20.1
231;21201580;PASQUILLA - FOPAE;bogota;bogota;alto magdalena;4.447;-74.155;2015-12-05 15:55:00;2015-12-05 15:55:00;;;(1, 3);20.1;20.1;20.1;0.0;20.1
232;21201580;PASQUILLA - FOPAE;bogota;bogota;alto magdalena;4.447;-74.155;2015-12-05 15:55:00;2015-12-05 15:55:00;;;(1, 3);20.1;20.1;20.1;0.0;20.1
233;21201580;PASQUILLA - FOPAE;bogota;bogota;alto magdalena;4.447;-74.155;2015-12-05 15:55:00;2015-12-05 15:55:00;;;(1, 3);20.1;20.1;20.1;0.0;20.1
234;21201580;PASQUILLA - FOPAE;bogota;bogota;alto magdalena;4.447;-74.155;2015-12-05 15:55:00;2015-12-05 15:55:00;;;(1, 3);20.1;20.1;20.1;0.0;20.1
235;21201580;PASQUILLA - FOPAE;bogota;bogota;alto magdalena;4.447;-74.155;2015-12-05 15:55:00;2015-12-05 15:55:00;;;(1, 3);20.1;20.1;20.1;0.0;20.1
236;21201580;PASQUILLA - FOPAE;bogota;bogota;alto magdalena;4.447;-74.155;2015-12-05 15:55:00;2015-12-05 15:55:00;;;(1, 3);20.1;20.1;20.1;0.0;20.1
237;21201580;PASQUILLA - FOPAE;bogota;bogota;alto magdalena;4.447;-74.155;2015-12-05 15:55:00;2015-12-05 15:55:00;;;(1, 3);20.1;20.1;20.1;0.0;20.1
238;21201580;PASQUILLA - FOPAE;bogota;bogota;alto magdalena;4.447;-74.155;2015-12-05 15:55:00;2015-12-05 15:55:00;;;(1, 3);20.1;20.1;20.1;0.0;20.1
239;21201580;PASQUILLA - FOPAE;bogota;bogota;alto magdalena;4.447;-74.155;2015-12-05 15:55:00;2015-12-05 15:55:00;;;(1, 3);20.1;20.1;20.1;0.0;20.1
240;21201580;PASQUILLA - FOPAE;bogota;bogota;alto magdalena;4.447;-74.155;2015-12-05 15:55:00;2015-12-05 15:55:00;;;(1, 3);20.1;20.1;20.1;0.0;20.1
241;21201580;PASQUILLA - FOPAE;bogota;bogota;alto magdalena;4.447;-74.155;2015-12-05 15:55:00;2015-12-05 15:55:00;;;(1, 3);20.1;20.1;20.1;0.0;20.1
242;21201580;PASQUILLA - FOPAE;bogota;bogota;alto magdalena;4.447;-74.155;2015-12-05 15:55:00;2015-12-05 15:55:00;;;(1, 3);20.1;20.1;20.1;0.0;20.1
243;21201580;PASQUILLA - FOPAE;bogota;bogota;alto magdalena;4.447;-74.155;2015-12-05 15:55:00;2015-12-05 15:55:00;;;(1, 3);20.1;20.1;20.1;0.0;20.1
244;21201580;PASQUILLA - FOPAE;bogota;bogota;alto magdalena;4.447;-74.155;2015-12-05 15:55:00;2015-12-05 15:55:00;;;(1, 3);20.1;20.1;20.1;0.0;20.1
245;21201580;PASQUILLA - FOPAE;bogota;bogota;alto magdalena;4.447;-74.155;2015-12-05 15:55:00;2015-12-05 15:55:00;;;(1, 3);20.1;20.1;20.1;0.0;20.1
246;21201580;PASQUILLA - FOPAE;bogota;bogota;alto magdalena;4.447;-74.155;2015-12-05 15:55:00;2015-12-05 15:55:00;;;(1, 3);20.1;20.1;20.1;0.0;20.1
247;21201580;PASQUILLA - FOPAE;bogota;bogota;alto magdalena;4.447;-74.155;2015-12-05 15:55:00;2015-12-05 15:55:00;;;(1, 3);20.1;20.1;20.1;0.0;20.1
248;21201580;PASQUILLA - FOPAE;bogota;bogota;alto magdalena;4.447;-74.155;2015-12-05 15:55:00;2015-12-05 15:55:00;;;(1, 3);20.1;20.1;20.1;0.0;20.1
249;21201580;PASQUILLA - FOPAE;bogota;bogota;alto magdalena;4.447;-74.155;2015-12-05 15:55:00;2015-12-05 15:55:00;;;(1, 3);20.1;20.1;20.1;0.0;20.1
250;21201580;PASQUILLA - FOPAE;bogota;bogota;alto magdalena;4.447;-74.155;2015-12-05 15:55:00;2015-12-05 15:55:00;;;(1, 3);20.1;20.1;20.1;0.0;20.1
251;21201580;PASQUILLA - FOPAE;bogota;bogota;alto magdalena;4.447;-74.155;2015-12-05 15:55:00;2015-12-05 15:55:00;;;(1, 3);20.1;20.1;20.1;0.0;20.1
252;21201580;PASQUILLA - FOPAE;bogota;bogota;alto magdalena;4.447;-74.155;2015-12-05 15:55:00;2015-12-05 15:55:00;;;(1, 3);20.1;20.1;20.1;0.0;20.1
253;21201580;PASQUILLA - FOPAE;bogota;bogota;alto magdalena;4.447;-74.155;2015-12-05 15:55:00;2015-12-05 15:55:00;;;(1, 3);20.1;20.1;20.1;0.0;20.1
254;21201580;PASQUILLA - FOPAE;bogota;bogota;alto magdalena;4.447;-74.155;2015-12-05 15:55:00;2015-12-05 15:55:00;;;(1, 3);20.1;20.1;20.1;0.0;20.1
255;21201580;PASQUILLA - FOPAE;bogota;bogota;alto magdalena;4.447;-74.155;2015-12-05 15:55:00;2015-12-05 15:55:00;;;(1, 3);20.1;20.1;20.1;0.0;20.1
256;21201580;PASQUILLA - FOPAE;bogota;bogota;alto magdalena;4.447;-74.155;2015-12-05 15:55:00;2015-12-05 15:55:00;;;(1, 3);20.1;20.1;20.1;0.0;20.1
257;21201580;PASQUILLA - FOPAE;bogota;bogota;alto magdalena;4.447;-74.155;2015-12-05 15:55:00;2015-12-05 15:55:00;;;(1, 3);20.1;20.1;20.1;0.0;20.1
258;21201580;PASQUILLA - FOPAE;bogota;bogota;alto magdalena;4.447;-74.155;2015-12-05 15:55:00;2015-12-05 15:55:00;;;(1, 3);20.1;20.1;20.1;0.0;20.1
259;21201580;PASQUILLA - FOPAE;bogota;bogota;alto magdalena;4.447;-74.155;2015-12-05 15:55:00;2015-12-05 15:55:00;;;(1, 3);20.1;20.1;20.1;0.0;20.1
260;21201580;PASQUILLA - FOPAE;bogota;bogota;alto magdalena;4.447;-74.155;2015-12-05 15:55:00;2015-12-05 15:55:00;;;(1, 3);20.1;20.1;20.1;0.0;20.1
261;21201580;PASQUILLA - FOPAE;bogota;bogota;alto magdalena;4.447;-74.155;2015-12-05 15:55:00;2015-12-05 15:55:00;;;(1, 3);20.1;20.1;20.1;0.0;20.1
262;21201580;PASQUILLA - FOPAE;bogota;bogota;alto magdalena;4.447;-74.155;2015-12-05 15:55:00;2015-12-05 15:55:00;;;(1, 3);20.1;20.1;20.1;0.0;20.1
263;21201580;PASQUILLA - FOPAE;bogota;bogota;alto magdalena;4.447;-74.155;2015-12-05 15:55:00;2015-12-05 15:55:00;;;(1, 3);20.1;20.1;20.1;0.0;20.1
264;21201580;PASQUILLA - FOPAE;bogota;bogota;alto magdalena;4.447;-74.155;2015-12-05 15:55:00;2015-12-05 15:55:00;;;(1, 3);20.1;20.1;20.1;0.0;20.1
265;21201580;PASQUILLA - FOPAE;bogota;bogota;alto magdalena;4.447;-74.155;2015-12-05 15:55:00;2015-12-05 15:55:00;;;(1, 3);20.1;20.1;20.1;0.0;20.1
266;21201580;PASQUILLA - FOPAE;bogota;bogota;alto magdalena;4.447;-74.155;2015-12-05 15:55:00;2015-12-05 15:55:00;;;(1, 3);20.1;20.1;20.1;0.0;20.1
267;21201580;PASQUILLA - FOPAE;bogota;bogota;alto magdalena;4.447;-74.155;2015-12-05 15:55:00;2015-12-05 15:55:00;;;(1, 3);20.1;20.1;20.1;0.0;20.1
268;21201580;PASQUILLA - FOPAE;bogota;bogota;alto magdalena;4.447;-74.155;2015-12-05 15:55:00;2015-12-05 15:55:00;;;(1, 3);20.1;20.1;20.1;0.0;20.1
269;21201580;PASQUILLA - FOPAE;bogota;bogota;alto magdalena;4.447;-74.155;2015-12-05 15:55:00;2015-12-05 15:55:00;;;(1, 3);20.1;20.1;20.1;0.0;20.1
270;21201580;PASQUILLA - FOPAE;bogota;bogota;alto magdalena;4.447;-74.155;2015-12-05 15:55:00;2015-12-05 15:55:00;;;(1, 3);20.1;20.1;20.1;0.0;20.1
271;21201580;PASQUILLA - FOPAE;bogota;bogota;alto magdalena;4.447;-74.155;2015-12-05 15:55:00;2015-12-05 15:55:00;;;(1, 3);20.1;20.1;20.1;0.0;20.1
272;21201580;PASQUILLA - FOPAE;bogota;bogota;alto magdalena;4.447;-74.155;2015-12-05 15:55:00;2015-12-05 15:55:00;;;(1, 3);20.1;20.1;20.1;0.0;20.1
273;21201580;PASQUILLA - FOPAE;bogota;bogota;alto magdalena;4.447;-74.155;2015-12-05 15:55:00;2015-12-05 15:55:00;;;(1, 3);20.1;20.1;20.1;0.0;20.1
274;21201580;PASQUILLA - FOPAE;bogota;bogota;alto magdalena;4.447;-74.155;2015-12-05 15:55:00;2015-12-05 15:55:00;;;(1, 3);20.1;20.1;20.1;0.0;20.1
275;21201580;PASQUILLA - FOPAE;bogota;bogota;alto magdalena;4.447;-74.155;2015-12-05 15:55:00;2015-12-05 15:55:00;;;(1, 3);20.1;20.1;20.1;0.0;20.1
276;21201580;PASQUILLA - FOPAE;bogota;bogota;alto magdalena;4.447;-74.155;2015-12-05 15:55:00;2015-12-05 15:55:00;;;(1, 3);20.1;20.1;20.1;0.0;20.1
277;21201580;PASQUILLA - FOPAE;bogota;bogota;alto magdalena;4.447;-74.155;2015-12-05 15:55:00;2015-12-05 15:55:00;;;(1, 3);20.1;20.1;20.1;0.0;20.1
278;21201580;PASQUILLA - FOPAE;bogota;bogota;alto magdalena;4.447;-74.155;2015-12-05 15:55:00;2015-12-05 15:55:00;;;(1, 3);20.1;20.1;20.1;0.0;20.1
279;21201580;PASQUILLA - FOPAE;bogota;bogota;alto magdalena;4.447;-74.155;2015-12-05 15:55:00;2015-12-05 15:55:00;;;(1, 3);20.1;20.1;20.1;0.0;20.1
280;21201580;PASQUILLA - FOPAE;bogota;bogota;alto magdalena;4.447;-74.155;2015-12-05 15:55:00;2015-12-05 15:55:00;;;(1, 3);20.1;20.1;20.1;0.0;20.1
281;21201580;PASQUILLA - FOPAE;bogota;bogota;alto magdalena;4.447;-74.155;2015-12-05 15:55:00;2015-12-05 15:55:00;;;(1, 3);20.1;20.1;20.1;0.0;20.1
282;21201580;PASQUILLA - FOPAE;bogota;bogota;alto magdalena;4.447;-74.155;2015-12-05 15:55:00;2015-12-05 15:55:00;;;(1, 3);20.1;20.1;20.1;0.0;20.1
283;21201580;PASQUILLA - FOPAE;bogota;bogota;alto magdalena;4.447;-74.155;2015-12-05 15:55:00;2015-12-05 15:55:00;;;(1, 3);20.1;20.1;20.1;0.0;20.1
284;21201580;PASQUILLA - FOPAE;bogota;bogota;alto magdalena;4.447;-74.155;2015-12-05 15:55:00;2015-12-05 15:55:00;;;(1, 3);20.1;20.1;20.1;0.0;20.1
285;21201580;PASQUILLA - FOPAE;bogota;bogota;alto magdalena;4.447;-74.155;2015-12-05 15:55:00;2015-12-05 15:55:00;;;(1, 3);20.1;20.1;20.1;0.0;20.1
286;21201580;PASQUILLA - FOPAE;bogota;bogota;alto magdalena;4.447;-74.155;2015-12-05 15:55:00;2015-12-05 15:55:00;;;(1, 3);20.1;20.1;20.1;0.0;20.1
287;21201580;PASQUILLA - FOPAE;bogota;bogota;alto magdalena;4.447;-74.155;2015-12-05 15:55:00;2015-12-05 15:55:00;;;(1, 3);20.1;20.1;20.1;0.0;20.1
288;21201580;PASQUILLA - FOPAE;bogota;bogota;alto magdalena;4.447;-74.155;2015-12-05 15:55:00;2015-12-05 15:55:00;;;(1, 3);20.1;20.1;20.1;0.0;20.1
289;21201580;PASQUILLA - FOPAE;bogota;bogota;alto magdalena;4.447;-74.155;2015-12-05 15:55:00;2015-12-05 15:55:00;;;(1, 3);20.1;20.1;20.1;0.0;20.1
290;21201580;PASQUILLA - FOPAE;bogota;bogota;alto magdalena;4.447;-74.155;2015-12-05 15:55:00;2015-12-05 15:55:00;;;(1, 3);20.1;20.1;20.1;0.0;20.1
291;21201580;PASQUILLA - FOPAE;bogota;bogota;alto magdalena;4.447;-74.155;2015-12-05 15:55:00;2015-12-05 15:55:00;;;(1, 3);20.1;20.1;20.1;0.0;20.1
292;21201580;PASQUILLA - FOPAE;bogota;bogota;alto magdalena;4.447;-74.155;2015-12-05 15:55:00;2015-12-05 15:55:00;;;(1, 3);20.1;20.1;20.1;0.0;20.1
293;21201580;PASQUILLA - FOPAE;bogota;bogota;alto magdalena;4.447;-74.155;2015-12-05 15:55:00;2015-12-05 15:55:00;;;(1, 3);20.1;20.1;20.1;0.0;20.1
294;21201580;PASQUILLA - FOPAE;bogota;bogota;alto magdalena;4.447;-74.155;2015-12-05 15:55:00;2015-12-05 15:55:00;;;(1, 3);20.1;20.1;20.1;0.0;20.1
295;21201580;PASQUILLA - FOPAE;bogota;bogota;alto magdalena;4.447;-74.155;2015-12-05 15:55:00;2015-12-05 15:55:00;;;(1, 3);20.1;20.1;20.1;0.0;20.1
296;21201580;PASQUILLA - FOPAE;bogota;bogota;alto magdalena;4.447;-74.155;2015-12-05 15:55:00;2015-12-05 15:55:00;;;(1, 3);20.1;20.1;20.1;0.0;20.1
297;21201580;PASQUILLA - FOPAE;bogota;bogota;alto magdalena;4.447;-74.155;2015-12-05 15:55:00;2015-12-05 15:55:00;;;(1, 3);20.1;20.1;20.1;0.0;20.1
298;21201580;PASQUILLA - FOPAE;bogota;bogota;alto magdalena;4.447;-74.155;2015-12-05 15:55:00;2015-12-05 15:55:00;;;(1, 3);20.1;20.1;20.1;0.0;20.1
299;21201580;PASQUILLA - FOPAE;bogota;bogota;alto magdalena;4.447;-74.155;2015-12-05 15:55:00;2015-12-05 15:55:00;;;(1, 3);20.1;20.1;20.1;0.0;20.1
300;21201580;PASQUILLA - FOPAE;bogota;bogota;alto magdalena;4.447;-74.155;2015-12-05 15:55:00;2015-12-05 15:55:00;;;(1, 3);20.1;20.1;20.1;0.0;20.1
301;21201580;PASQUILLA - FOPAE;bogota;bogota;alto magdalena;4.447;-74.155;2015-12-05 15:55:00;2015-12-05 15:55:00;;;(1, 3);20.1;20.1;20.1;0.0;20.1
302;21201580;PASQUILLA - FOPAE;bogota;bogota;alto magdalena;4.447;-74.155;2015-12-05 15:55:00;2015-12-05 15:55:00;;;(1, 3);20.1;20.1;20.1;0.0;20.1
303;21201580;PASQUILLA - FOPAE;bogota;bogota;alto magdalena;4.447;-74.155;2015-12-05 15:55:00;2015-12-05 15:55:00;;;(1, 3);20.1;20.1;20.1;0.0;20.1
304;21201580;PASQUILLA - FOPAE;bogota;bogota;alto magdalena;4.447;-74.155;2015-12-05 15:55:00;2015-12-05 15:55:00;;;(1, 3);20.1;20.1;20.1;0.0;20.1
305;21201580;PASQUILLA - FOPAE;bogota;bogota;alto magdalena;4.447;-74.155;2015-12-05 15:55:00;2015-12-05 15:55:00;;;(1, 3);20.1;20.1;20.1;0.0;20.1
306;21201580;PASQUILLA - FOPAE;bogota;bogota;alto magdalena;4.447;-74.155;2015-12-05 15:55:00;2015-12-05 15:55:00;;;(1, 3);20.1;20.1;20.1;0.0;20.1
307;21201580;PASQUILLA - FOPAE;bogota;bogota;alto magdalena;4.447;-74.155;2015-12-05 15:55:00;2015-12-05 15:55:00;;;(1, 3);20.1;20.1;20.1;0.0;20.1
308;21201580;PASQUILLA - FOPAE;bogota;bogota;alto magdalena;4.447;-74.155;2015-12-05 15:55:00;2015-12-05 15:55:00;;;(1, 3);20.1;20.1;20.1;0.0;20.1
309;21201580;PASQUILLA - FOPAE;bogota;bogota;alto magdalena;4.447;-74.155;2015-12-05 15:55:00;2015-12-05 15:55:00;;;(1, 3);20.1;20.1;20.1;0.0;20.1
310;21201580;PASQUILLA - FOPAE;bogota;bogota;alto magdalena;4.447;-74.155;2015-12-05 15:55:00;2015-12-05 15:55:00;;;(1, 3);20.1;20.1;20.1;0.0;20.1
311;21201580;PASQUILLA - FOPAE;bogota;bogota;alto magdalena;4.447;-74.155;2015-12-05 15:55:00;2015-12-05 15:55:00;;;(1, 3);20.1;20.1;20.1;0.0;20.1
312;21201580;PASQUILLA - FOPAE;bogota;bogota;alto magdalena;4.447;-74.155;2015-12-05 15:55:00;2015-12-05 15:55:00;;;(1, 3);20.1;20.1;20.1;0.0;20.1
313;21201580;PASQUILLA - FOPAE;bogota;bogota;alto magdalena;4.447;-74.155;2015-12-05 15:55:00;2015-12-05 15:55:00;;;(1, 3);20.1;20.1;20.1;0.0;20.1
314;21201580;PASQUILLA - FOPAE;bogota;bogota;alto magdalena;4.447;-74.155;2015-12-05 15:55:00;2015-12-05 15:55:00;;;(1, 3);20.1;20.1;20.1;0.0;20.1
315;21201580;PASQUILLA - FOPAE;bogota;bogota;alto magdalena;4.447;-74.155;2015-12-05 15:55:00;2015-12-05 15:55:00;;;(1, 3);20.1;20.1;20.1;0.0;20.1
316;21201580;PASQUILLA - FOPAE;bogota;bogota;alto magdalena;4.447;-74.155;2015-12-05 15:55:00;2015-12-05 15:55:00;;;(1, 3);20.1;20.1;20.1;0.0;20.1
317;21201580;PASQUILLA - FOPAE;bogota;bogota;alto magdalena;4.447;-74.155;2015-12-05 15:55:00;2015-12-05 15:55:00;;;(1, 3);20.1;20.1;20.1;0.0;20.1
318;21201580;PASQUILLA - FOPAE;bogota;bogota;alto magdalena;4.447;-74.155;2015-12-05 15:55:00;2015-12-05 15:55:00;;;(1, 3);20.1;20.1;20.1;0.0;20.1
319;21201580;PASQUILLA - FOPAE;bogota;bogota;alto magdalena;4.447;-74.155;2015-12-05 15:55:00;2015-12-05 15:55:00;;;(1, 3);20.1;20.1;20.1;0.0;20.1
320;21201580;PASQUILLA - FOPAE;bogota;bogota;alto magdalena;4.447;-74.155;2015-12-05 15:55:00;2015-12-05 15:55:00;;;(1, 3);20.1;20.1;20.1;0.0;20.1
321;21201580;PASQUILLA - FOPAE;bogota;bogota;alto magdalena;4.447;-74.155;2015-12-05 15:55:00;2015-12-05 15:55:00;;;(1, 3);20.1;20.1;20.1;0.0;20.1
322;21201580;PASQUILLA - FOPAE;bogota;bogota;alto magdalena;4.447;-74.155;2015-12-05 15:55:00;2015-12-05 15:55:00;;;(1, 3);20.1;20.1;20.1;0.0;20.1
323;21201580;PASQUILLA - FOPAE;bogota;bogota;alto magdalena;4.447;-74.155;2015-12-05 15:55:00;2015-12-05 15:55:00;;;(1, 3);20.1;20.1;20.1;0.0;20.1
324;21201580;PASQUILLA - FOPAE;bogota;bogota;alto magdalena;4.447;-74.155;2015-12-05 15:55:00;2015-12-05 15:55:00;;;(1, 3);20.1;20.1;20.1;0.0;20.1
325;21201580;PASQUILLA - FOPAE;bogota;bogota;alto magdalena;4.447;-74.155;2015-12-05 15:55:00;2015-12-05 15:55:00;;;(1, 3);20.1;20.1;20.1;0.0;20.1
326;21201580;PASQUILLA - FOPAE;bogota;bogota;alto magdalena;4.447;-74.155;2015-12-05 15:55:00;2015-12-05 15:55:00;;;(1, 3);20.1;20.1;20.1;0.0;20.1
327;21201580;PASQUILLA - FOPAE;bogota;bogota;alto magdalena;4.447;-74.155;2015-12-05 15:55:00;2015-12-05 15:55:00;;;(1, 3);20.1;20.1;20.1;0.0;20.1
328;21201580;PASQUILLA - FOPAE;bogota;bogota;alto magdalena;4.447;-74.155;2015-12-05 15:55:00;2015-12-05 15:55:00;;;(1, 3);20.1;20.1;20.1;0.0;20.1
329;21201580;PASQUILLA - FOPAE;bogota;bogota;alto magdalena;4.447;-74.155;2015-12-05 15:55:00;2015-12-05 15:55:00;;;(1, 3);20.1;20.1;20.1;0.0;20.1
330;21201580;PASQUILLA - FOPAE;bogota;bogota;alto magdalena;4.447;-74.155;2015-12-05 15:55:00;2015-12-05 15:55:00;;;(1, 3);20.1;20.1;20.1;0.0;20.1
331;21201580;PASQUILLA - FOPAE;bogota;bogota;alto magdalena;4.447;-74.155;2015-12-05 15:55:00;2015-12-05 15:55:00;;;(1, 3);20.1;20.1;20.1;0.0;20.1
332;21201580;PASQUILLA - FOPAE;bogota;bogota;alto magdalena;4.447;-74.155;2015-12-05 15:55:00;2015-12-05 15:55:00;;;(1, 3);20.1;20.1;20.1;0.0;20.1
333;21201580;PASQUILLA - FOPAE;bogota;bogota;alto magdalena;4.447;-74.155;2015-12-05 15:55:00;2015-12-05 15:55:00;;;(1, 3);20.1;20.1;20.1;0.0;20.1
334;21201580;PASQUILLA - FOPAE;bogota;bogota;alto magdalena;4.447;-74.155;2015-12-05 15:55:00;2015-12-05 15:55:00;;;(1, 3);20.1;20.1;20.1;0.0;20.1
335;21201580;PASQUILLA - FOPAE;bogota;bogota;alto magdalena;4.447;-74.155;2015-12-05 15:55:00;2015-12-05 15:55:00;;;(1, 3);20.1;20.1;20.1;0.0;20.1
336;21201580;PASQUILLA - FOPAE;bogota;bogota;alto magdalena;4.447;-74.155;2015-12-05 15:55:00;2015-12-05 15:55:00;;;(1, 3);20.1;20.1;20.1;0.0;20.1
337;21201580;PASQUILLA - FOPAE;bogota;bogota;alto magdalena;4.447;-74.155;2015-12-05 15:55:00;2015-12-05 15:55:00;;;(1, 3);20.1;20.1;20.1;0.0;20.1
338;21201580;PASQUILLA - FOPAE;bogota;bogota;alto magdalena;4.447;-74.155;2015-12-05 15:55:00;2015-12-05 15:55:00;;;(1, 3);20.1;20.1;20.1;0.0;20.1
339;21201580;PASQUILLA - FOPAE;bogota;bogota;alto magdalena;4.447;-74.155;2015-12-05 15:55:00;2015-12-05 15:55:00;;;(1, 3);20.1;20.1;20.1;0.0;20.1
340;21201580;PASQUILLA - FOPAE;bogota;bogota;alto magdalena;4.447;-74.155;2015-12-05 15:55:00;2015-12-05 15:55:00;;;(1, 3);20.1;20.1;20.1;0.0;20.1
341;21201580;PASQUILLA - FOPAE;bogota;bogota;alto magdalena;4.447;-74.155;2015-12-05 15:55:00;2015-12-05 15:55:00;;;(1, 3);20.1;20.1;20.1;0.0;20.1
342;21201580;PASQUILLA - FOPAE;bogota;bogota;alto magdalena;4.447;-74.155;2015-12-05 15:55:00;2015-12-05 15:55:00;;;(1, 3);20.1;20.1;20.1;0.0;20.1
343;21201580;PASQUILLA - FOPAE;bogota;bogota;alto magdalena;4.447;-74.155;2015-12-05 15:55:00;2015-12-05 15:55:00;;;(1, 3);20.1;20.1;20.1;0.0;20.1
344;21201580;PASQUILLA - FOPAE;bogota;bogota;alto magdalena;4.447;-74.155;2015-12-05 15:55:00;2015-12-05 15:55:00;;;(1, 3);20.1;20.1;20.1;0.0;20.1
345;21201580;PASQUILLA - FOPAE;bogota;bogota;alto magdalena;4.447;-74.155;2015-12-05 15:55:00;2015-12-05 15:55:00;;;(1, 3);20.1;20.1;20.1;0.0;20.1
346;21201580;PASQUILLA - FOPAE;bogota;bogota;alto magdalena;4.447;-74.155;2015-12-05 15:55:00;2015-12-05 15:55:00;;;(1, 3);20.1;20.1;20.1;0.0;20.1
347;21201580;PASQUILLA - FOPAE;bogota;bogota;alto magdalena;4.447;-74.155;2015-12-05 15:55:00;2015-12-05 15:55:00;;;(1, 3);20.1;20.1;20.1;0.0;20.1
348;21201580;PASQUILLA - FOPAE;bogota;bogota;alto magdalena;4.447;-74.155;2015-12-05 15:55:00;2015-12-05 15:55:00;;;(1, 3);20.1;20.1;20.1;0.0;20.1
349;21201580;PASQUILLA - FOPAE;bogota;bogota;alto magdalena;4.447;-74.155;2015-12-05 15:55:00;2015-12-05 15:55:00;;;(1, 3);20.1;20.1;20.1;0.0;20.1
350;21201580;PASQUILLA - FOPAE;bogota;bogota;alto magdalena;4.447;-74.155;2015-12-05 15:55:00;2015-12-05 15:55:00;;;(1, 3);20.1;20.1;20.1;0.0;20.1
351;21201580;PASQUILLA - FOPAE;bogota;bogota;alto magdalena;4.447;-74.155;2015-12-05 15:55:00;2015-12-05 15:55:00;;;(1, 3);20.1;20.1;20.1;0.0;20.1
352;21201580;PASQUILLA - FOPAE;bogota;bogota;alto magdalena;4.447;-74.155;2015-12-05 15:55:00;2015-12-05 15:55:00;;;(1, 3);20.1;20.1;20.1;0.0;20.1
353;21201580;PASQUILLA - FOPAE;bogota;bogota;alto magdalena;4.447;-74.155;2015-12-05 15:55:00;2015-12-05 15:55:00;;;(1, 3);20.1;20.1;20.1;0.0;20.1
354;21201580;PASQUILLA - FOPAE;bogota;bogota;alto magdalena;4.447;-74.155;2015-12-05 15:55:00;2015-12-05 15:55:00;;;(1, 3);20.1;20.1;20.1;0.0;20.1
355;21201580;PASQUILLA - FOPAE;bogota;bogota;alto magdalena;4.447;-74.155;2015-12-05 15:55:00;2015-12-05 15:55:00;;;(1, 3);20.1;20.1;20.1;0.0;20.1
356;21201580;PASQUILLA - FOPAE;bogota;bogota;alto magdalena;4.447;-74.155;2015-12-05 15:55:00;2015-12-05 15:55:00;;;(1, 3);20.1;20.1;20.1;0.0;20.1
357;21201580;PASQUILLA - FOPAE;bogota;bogota;alto magdalena;4.447;-74.155;2015-12-05 15:55:00;2015-12-05 15:55:00;;;(1, 3);20.1;20.1;20.1;0.0;20.1
358;21201580;PASQUILLA - FOPAE;bogota;bogota;alto magdalena;4.447;-74.155;2015-12-05 15:55:00;2015-12-05 15:55:00;;;(1, 3);20.1;20.1;20.1;0.0;20.1
359;21201580;PASQUILLA - FOPAE;bogota;bogota;alto magdalena;4.447;-74.155;2015-12-05 15:55:00;2015-12-05 15:55:00;;;(1, 3);20.1;20.1;20.1;0.0;20.1
360;21201580;PASQUILLA - FOPAE;bogota;bogota;alto magdalena;4.447;-74.155;2015-12-05 15:55:00;2015-12-05 15:55:00;;;(1, 3);20.1;20.1;20.1;0.0;20.1
361;21201580;PASQUILLA - FOPAE;bogota;bogota;alto magdalena;4.447;-74.155;2015-12-05 15:55:00;2015-12-05 15:55:00;;;(1, 3);20.1;20.1;20.1;0.0;20.1
362;21201580;PASQUILLA - FOPAE;bogota;bogota;alto magdalena;4.447;-74.155;2015-12-05 15:55:00;2015-12-05 15:55:00;;;(1, 3);20.1;20.1;20.1;0.0;20.1
363;21201580;PASQUILLA - FOPAE;bogota;bogota;alto magdalena;4.447;-74.155;2015-12-05 15:55:00;2015-12-05 15:55:00;;;(1, 3);20.1;20.1;20.1;0.0;20.1
364;21201580;PASQUILLA - FOPAE;bogota;bogota;alto magdalena;4.447;-74.155;2015-12-05 15:55:00;2015-12-05 15:55:00;;;(1, 3);20.1;20.1;20.1;0.0;20.1
365;21201580;PASQUILLA - FOPAE;bogota;bogota;alto magdalena;4.447;-74.155;2015-12-05 15:55:00;2015-12-05 15:55:00;;;(1, 3);20.1;20.1;20.1;0.0;20.1
366;21201580;PASQUILLA - FOPAE;bogota;bogota;alto magdalena;4.447;-74.155;2015-12-05 15:55:00;2015-12-05 15:55:00;;;(1, 3);20.1;20.1;20.1;0.0;20.1
367;21201580;PASQUILLA - FOPAE;bogota;bogota;alto magdalena;4.447;-74.155;2015-12-05 15:55:00;2015-12-05 15:55:00;;;(1, 3);20.1;20.1;20.1;0.0;20.1
368;21201580;PASQUILLA - FOPAE;bogota;bogota;alto magdalena;4.447;-74.155;2015-12-05 15:55:00;2015-12-05 15:55:00;;;(1, 3);20.1;20.1;20.1;0.0;20.1
369;21201580;PASQUILLA - FOPAE;bogota;bogota;alto magdalena;4.447;-74.155;2015-12-05 15:55:00;2015-12-05 15:55:00;;;(1, 3);20.1;20.1;20.1;0.0;20.1
370;21201580;PASQUILLA - FOPAE;bogota;bogota;alto magdalena;4.447;-74.155;2015-12-05 15:55:00;2015-12-05 15:55:00;;;(1, 3);20.1;20.1;20.1;0.0;20.1
371;21201580;PASQUILLA - FOPAE;bogota;bogota;alto magdalena;4.447;-74.155;2015-12-05 15:55:00;2015-12-05 15:55:00;;;(1, 3);20.1;20.1;20.1;0.0;20.1
372;21201580;PASQUILLA - FOPAE;bogota;bogota;alto magdalena;4.447;-74.155;2015-12-05 15:55:00;2015-12-05 15:55:00;;;(1, 3);20.1;20.1;20.1;0.0;20.1
373;21201580;PASQUILLA - FOPAE;bogota;bogota;alto magdalena;4.447;-74.155;2015-12-05 15:55:00;2015-12-05 15:55:00;;;(1, 3);20.1;20.1;20.1;0.0;20.1
374;21201580;PASQUILLA - FOPAE;bogota;bogota;alto magdalena;4.447;-74.155;2015-12-05 15:55:00;2015-12-05 15:55:00;;;(1, 3);20.1;20.1;20.1;0.0;20.1
375;21201580;PASQUILLA - FOPAE;bogota;bogota;alto magdalena;4.447;-74.155;2015-12-05 15:55:00;2015-12-05 15:55:00;;;(1, 3);20.1;20.1;20.1;0.0;20.1
376;21201580;PASQUILLA - FOPAE;bogota;bogota;alto magdalena;4.447;-74.155;2015-12-05 15:55:00;2015-12-05 15:55:00;;;(1, 3);20.1;20.1;20.1;0.0;20.1
377;21201580;PASQUILLA - FOPAE;bogota;bogota;alto magdalena;4.447;-74.155;2015-12-05 15:55:00;2015-12-05 15:55:00;;;(1, 3);20.1;20.1;20.1;0.0;20.1
378;21201580;PASQUILLA - FOPAE;bogota;bogota;alto magdalena;4.447;-74.155;2015-12-05 15:55:00;2015-12-05 15:55:00;;;(1, 3);20.1;20.1;20.1;0.0;20.1
379;21201580;PASQUILLA - FOPAE;bogota;bogota;alto magdalena;4.447;-74.155;2015-12-05 15:55:00;2015-12-05 15:55:00;;;(1, 3);20.1;20.1;20.1;0.0;20.1
380;21201580;PASQUILLA - FOPAE;bogota;bogota;alto magdalena;4.447;-74.155;2015-12-05 15:55:00;2015-12-05 15:55:00;;;(1, 3);20.1;20.1;20.1;0.0;20.1
381;21201580;PASQUILLA - FOPAE;bogota;bogota;alto magdalena;4.447;-74.155;2015-12-05 15:55:00;2015-12-05 15:55:00;;;(1, 3);20.1;20.1;20.1;0.0;20.1
382;21201580;PASQUILLA - FOPAE;bogota;bogota;alto magdalena;4.447;-74.155;2015-12-05 15:55:00;2015-12-05 15:55:00;;;(1, 3);20.1;20.1;20.1;0.0;20.1
383;21201580;PASQUILLA - FOPAE;bogota;bogota;alto magdalena;4.447;-74.155;2015-12-05 15:55:00;2015-12-05 15:55:00;;;(1, 3);20.1;20.1;20.1;0.0;20.1
384;21201580;PASQUILLA - FOPAE;bogota;bogota;alto magdalena;4.447;-74.155;2015-12-05 15:55:00;2015-12-05 15:55:00;;;(1, 3);20.1;20.1;20.1;0.0;20.1
385;21201580;PASQUILLA - FOPAE;bogota;bogota;alto magdalena;4.447;-74.155;2015-12-05 15:55:00;2015-12-05 15:55:00;;;(1, 3);20.1;20.1;20.1;0.0;20.1
386;21201580;PASQUILLA - FOPAE;bogota;bogota;alto magdalena;4.447;-74.155;2015-12-05 15:55:00;2015-12-05 15:55:00;;;(1, 3);20.1;20.1;20.1;0.0;20.1
387;21201580;PASQUILLA - FOPAE;bogota;bogota;alto magdalena;4.447;-74.155;2015-12-05 15:55:00;2015-12-05 15:55:00;;;(1, 3);20.1;20.1;20.1;0.0;20.1
388;21201580;PASQUILLA - FOPAE;bogota;bogota;alto magdalena;4.447;-74.155;2015-12-05 15:55:00;2015-12-05 15:55:00;;;(1, 3);20.1;20.1;20.1;0.0;20.1
389;21201580;PASQUILLA - FOPAE;bogota;bogota;alto magdalena;4.447;-74.155;2015-12-05 15:55:00;2015-12-05 15:55:00;;;(1, 3);20.1;20.1;20.1;0.0;20.1
390;21201580;PASQUILLA - FOPAE;bogota;bogota;alto magdalena;4.447;-74.155;2015-12-05 15:55:00;2015-12-05 15:55:00;;;(1, 3);20.1;20.1;20.1;0.0;20.1
391;21201580;PASQUILLA - FOPAE;bogota;bogota;alto magdalena;4.447;-74.155;2015-12-05 15:55:00;2015-12-05 15:55:00;;;(1, 3);20.1;20.1;20.1;0.0;20.1
392;21201580;PASQUILLA - FOPAE;bogota;bogota;alto magdalena;4.447;-74.155;2015-12-05 15:55:00;2015-12-05 15:55:00;;;(1, 3);20.1;20.1;20.1;0.0;20.1
393;21201580;PASQUILLA - FOPAE;bogota;bogota;alto magdalena;4.447;-74.155;2015-12-05 15:55:00;2015-12-05 15:55:00;;;(1, 3);20.1;20.1;20.1;0.0;20.1
394;21201580;PASQUILLA - FOPAE;bogota;bogota;alto magdalena;4.447;-74.155;2015-12-05 15:55:00;2015-12-05 15:55:00;;;(1, 3);20.1;20.1;20.1;0.0;20.1
395;21201580;PASQUILLA - FOPAE;bogota;bogota;alto magdalena;4.447;-74.155;2015-12-05 15:55:00;2015-12-05 15:55:00;;;(1, 3);20.1;20.1;20.1;0.0;20.1
396;21201580;PASQUILLA - FOPAE;bogota;bogota;alto magdalena;4.447;-74.155;2015-12-05 15:55:00;2015-12-05 15:55:00;;;(1, 3);20.1;20.1;20.1;0.0;20.1
397;21201580;PASQUILLA - FOPAE;bogota;bogota;alto magdalena;4.447;-74.155;2015-12-05 15:55:00;2015-12-05 15:55:00;;;(1, 3);20.1;20.1;20.1;0.0;20.1
398;21201580;PASQUILLA - FOPAE;bogota;bogota;alto magdalena;4.447;-74.155;2015-12-05 15:55:00;2015-12-05 15:55:00;;;(1, 3);20.1;20.1;20.1;0.0;20.1
399;21201580;PASQUILLA - FOPAE;bogota;bogota;alto magdalena;4.447;-74.155;2015-12-05 15:55:00;2015-12-05 15:55:00;;;(1, 3);20.1;20.1;20.1;0.0;20.1
400;21201580;PASQUILLA - FOPAE;bogota;bogota;alto magdalena;4.447;-74.155;2015-12-05 15:55:00;2015-12-05 15:55:00;;;(1, 3);20.1;20.1;20.1;0.0;20.1
401;21201580;PASQUILLA - FOPAE;bogota;bogota;alto magdalena;4.447;-74.155;2015-12-05 15:55:00;2015-12-05 15:55:00;;;(1, 3);20.1;20.1;20.1;0.0;20.1
402;21201580;PASQUILLA - FOPAE;bogota;bogota;alto magdalena;4.447;-74.155;2015-12-05 15:55:00;2015-12-05 15:55:00;;;(1, 3);20.1;20.1;20.1;0.0;20.1
403;21201580;PASQUILLA - FOPAE;bogota;bogota;alto magdalena;4.447;-74.155;2015-12-05 15:55:00;2015-12-05 15:55:00;;;(1, 3);20.1;20.1;20.1;0.0;20.1
404;21201580;PASQUILLA - FOPAE;bogota;bogota;alto magdalena;4.447;-74.155;2015-12-05 15:55:00;2015-12-05 15:55:00;;;(1, 3);20.1;20.1;20.1;0.0;20.1
405;21201580;PASQUILLA - FOPAE;bogota;bogota;alto magdalena;4.447;-74.155;2015-12-05 15:55:00;2015-12-05 15:55:00;;;(1, 3);20.1;20.1;20.1;0.0;20.1
406;21201580;PASQUILLA - FOPAE;bogota;bogota;alto magdalena;4.447;-74.155;2015-12-05 15:55:00;2015-12-05 15:55:00;;;(1, 3);20.1;20.1;20.1;0.0;20.1
407;21201580;PASQUILLA - FOPAE;bogota;bogota;alto magdalena;4.447;-74.155;2015-12-05 15:55:00;2015-12-05 15:55:00;;;(1, 3);20.1;20.1;20.1;0.0;20.1
408;21201580;PASQUILLA - FOPAE;bogota;bogota;alto magdalena;4.447;-74.155;2015-12-05 15:55:00;2015-12-05 15:55:00;;;(1, 3);20.1;20.1;20.1;0.0;20.1
409;21201580;PASQUILLA - FOPAE;bogota;bogota;alto magdalena;4.447;-74.155;2015-12-05 15:55:00;2015-12-05 15:55:00;;;(1, 3);20.1;20.1;20.1;0.0;20.1
410;21201580;PASQUILLA - FOPAE;bogota;bogota;alto magdalena;4.447;-74.155;2015-12-05 15:55:00;2015-12-05 15:55:00;;;(1, 3);20.1;20.1;20.1;0.0;20.1
411;21201580;PASQUILLA - FOPAE;bogota;bogota;alto magdalena;4.447;-74.155;2015-12-05 15:55:00;2015-12-05 15:55:00;;;(1, 3);20.1;20.1;20.1;0.0;20.1
412;21201580;PASQUILLA - FOPAE;bogota;bogota;alto magdalena;4.447;-74.155;2015-12-05 15:55:00;2015-12-05 15:55:00;;;(1, 3);20.1;20.1;20.1;0.0;20.1
413;21201580;PASQUILLA - FOPAE;bogota;bogota;alto magdalena;4.447;-74.155;2015-12-05 15:55:00;2015-12-05 15:55:00;;;(1, 3);20.1;20.1;20.1;0.0;20.1
414;21201580;PASQUILLA - FOPAE;bogota;bogota;alto magdalena;4.447;-74.155;2015-12-05 15:55:00;2015-12-05 15:55:00;;;(1, 3);20.1;20.1;20.1;0.0;20.1
415;21201580;PASQUILLA - FOPAE;bogota;bogota;alto magdalena;4.447;-74.155;2015-12-05 15:55:00;2015-12-05 15:55:00;;;(1, 3);20.1;20.1;20.1;0.0;20.1
416;21201580;PASQUILLA - FOPAE;bogota;bogota;alto magdalena;4.447;-74.155;2015-12-05 15:55:00;2015-12-05 15:55:00;;;(1, 3);20.1;20.1;20.1;0.0;20.1
417;21201580;PASQUILLA - FOPAE;bogota;bogota;alto magdalena;4.447;-74.155;2015-12-05 15:55:00;2015-12-05 15:55:00;;;(1, 3);20.1;20.1;20.1;0.0;20.1
418;21201580;PASQUILLA - FOPAE;bogota;bogota;alto magdalena;4.447;-74.155;2015-12-05 15:55:00;2015-12-05 15:55:00;;;(1, 3);20.1;20.1;20.1;0.0;20.1
419;21201580;PASQUILLA - FOPAE;bogota;bogota;alto magdalena;4.447;-74.155;2015-12-05 15:55:00;2015-12-05 15:55:00;;;(1, 3);20.1;20.1;20.1;0.0;20.1
420;21201580;PASQUILLA - FOPAE;bogota;bogota;alto magdalena;4.447;-74.155;2015-12-05 15:55:00;2015-12-05 15:55:00;;;(1, 3);20.1;20.1;20.1;0.0;20.1
421;21201580;PASQUILLA - FOPAE;bogota;bogota;alto magdalena;4.447;-74.155;2015-12-05 15:55:00;2015-12-05 15:55:00;;;(1, 3);20.1;20.1;20.1;0.0;20.1
422;21201580;PASQUILLA - FOPAE;bogota;bogota;alto magdalena;4.447;-74.155;2015-12-05 15:55:00;2015-12-05 15:55:00;;;(1, 3);20.1;20.1;20.1;0.0;20.1
423;21201580;PASQUILLA - FOPAE;bogota;bogota;alto magdalena;4.447;-74.155;2015-12-05 15:55:00;2015-12-05 15:55:00;;;(1, 3);20.1;20.1;20.1;0.0;20.1
424;21201580;PASQUILLA - FOPAE;bogota;bogota;alto magdalena;4.447;-74.155;2015-12-05 15:55:00;2015-12-05 15:55:00;;;(1, 3);20.1;20.1;20.1;0.0;20.1
425;21201580;PASQUILLA - FOPAE;bogota;bogota;alto magdalena;4.447;-74.155;2015-12-05 15:55:00;2015-12-05 15:55:00;;;(1, 3);20.1;20.1;20.1;0.0;20.1
426;21201580;PASQUILLA - FOPAE;bogota;bogota;alto magdalena;4.447;-74.155;2015-12-05 15:55:00;2015-12-05 15:55:00;;;(1, 3);20.1;20.1;20.1;0.0;20.1
427;21201580;PASQUILLA - FOPAE;bogota;bogota;alto magdalena;4.447;-74.155;2015-12-05 15:55:00;2015-12-05 15:55:00;;;(1, 3);20.1;20.1;20.1;0.0;20.1
428;21201580;PASQUILLA - FOPAE;bogota;bogota;alto magdalena;4.447;-74.155;2015-12-05 15:55:00;2015-12-05 15:55:00;;;(1, 3);20.1;20.1;20.1;0.0;20.1
429;21201580;PASQUILLA - FOPAE;bogota;bogota;alto magdalena;4.447;-74.155;2015-12-05 15:55:00;2015-12-05 15:55:00;;;(1, 3);20.1;20.1;20.1;0.0;20.1
430;21201580;PASQUILLA - FOPAE;bogota;bogota;alto magdalena;4.447;-74.155;2015-12-05 15:55:00;2015-12-05 15:55:00;;;(1, 3);20.1;20.1;20.1;0.0;20.1
431;21201580;PASQUILLA - FOPAE;bogota;bogota;alto magdalena;4.447;-74.155;2015-12-05 15:55:00;2015-12-05 15:55:00;;;(1, 3);20.1;20.1;20.1;0.0;20.1
432;21201580;PASQUILLA - FOPAE;bogota;bogota;alto magdalena;4.447;-74.155;2015-12-05 15:55:00;2015-12-05 15:55:00;;;(1, 3);20.1;20.1;20.1;0.0;20.1
433;21201580;PASQUILLA - FOPAE;bogota;bogota;alto magdalena;4.447;-74.155;2015-12-05 15:55:00;2015-12-05 15:55:00;;;(1, 3);20.1;20.1;20.1;0.0;20.1
434;21201580;PASQUILLA - FOPAE;bogota;bogota;alto magdalena;4.447;-74.155;2015-12-05 15:55:00;2015-12-05 15:55:00;;;(1, 3);20.1;20.1;20.1;0.0;20.1
435;21201580;PASQUILLA - FOPAE;bogota;bogota;alto magdalena;4.447;-74.155;2015-12-05 15:55:00;2015-12-05 15:55:00;;;(1, 3);20.1;20.1;20.1;0.0;20.1
436;21201580;PASQUILLA - FOPAE;bogota;bogota;alto magdalena;4.447;-74.155;2015-12-05 15:55:00;2015-12-05 15:55:00;;;(1, 3);20.1;20.1;20.1;0.0;20.1
437;21201580;PASQUILLA - FOPAE;bogota;bogota;alto magdalena;4.447;-74.155;2015-12-05 15:55:00;2015-12-05 15:55:00;;;(1, 3);20.1;20.1;20.1;0.0;20.1
438;21201580;PASQUILLA - FOPAE;bogota;bogota;alto magdalena;4.447;-74.155;2015-12-05 15:55:00;2015-12-05 15:55:00;;;(1, 3);20.1;20.1;20.1;0.0;20.1
439;21201580;PASQUILLA - FOPAE;bogota;bogota;alto magdalena;4.447;-74.155;2015-12-05 15:55:00;2015-12-05 15:55:00;;;(1, 3);20.1;20.1;20.1;0.0;20.1
440;21201580;PASQUILLA - FOPAE;bogota;bogota;alto magdalena;4.447;-74.155;2015-12-05 15:55:00;2015-12-05 15:55:00;;;(1, 3);20.1;20.1;20.1;0.0;20.1
441;21201580;PASQUILLA - FOPAE;bogota;bogota;alto magdalena;4.447;-74.155;2015-12-05 15:55:00;2015-12-05 15:55:00;;;(1, 3);20.1;20.1;20.1;0.0;20.1
442;21201580;PASQUILLA - FOPAE;bogota;bogota;alto magdalena;4.447;-74.155;2015-12-05 15:55:00;2015-12-05 15:55:00;;;(1, 3);20.1;20.1;20.1;0.0;20.1
443;21201580;PASQUILLA - FOPAE;bogota;bogota;alto magdalena;4.447;-74.155;2015-12-05 15:55:00;2015-12-05 15:55:00;;;(1, 3);20.1;20.1;20.1;0.0;20.1
444;21201580;PASQUILLA - FOPAE;bogota;bogota;alto magdalena;4.447;-74.155;2015-12-05 15:55:00;2015-12-05 15:55:00;;;(1, 3);20.1;20.1;20.1;0.0;20.1
445;21201580;PASQUILLA - FOPAE;bogota;bogota;alto magdalena;4.447;-74.155;2015-12-05 15:55:00;2015-12-05 15:55:00;;;(1, 3);20.1;20.1;20.1;0.0;20.1
446;21201580;PASQUILLA - FOPAE;bogota;bogota;alto magdalena;4.447;-74.155;2015-12-05 15:55:00;2015-12-05 15:55:00;;;(1, 3);20.1;20.1;20.1;0.0;20.1
447;21201580;PASQUILLA - FOPAE;bogota;bogota;alto magdalena;4.447;-74.155;2015-12-05 15:55:00;2015-12-05 15:55:00;;;(1, 3);20.1;20.1;20.1;0.0;20.1
448;21201580;PASQUILLA - FOPAE;bogota;bogota;alto magdalena;4.447;-74.155;2015-12-05 15:55:00;2015-12-05 15:55:00;;;(1, 3);20.1;20.1;20.1;0.0;20.1
449;21201580;PASQUILLA - FOPAE;bogota;bogota;alto magdalena;4.447;-74.155;2015-12-05 15:55:00;2015-12-05 15:55:00;;;(1, 3);20.1;20.1;20.1;0.0;20.1
450;21201580;PASQUILLA - FOPAE;bogota;bogota;alto magdalena;4.447;-74.155;2015-12-05 15:55:00;2015-12-05 15:55:00;;;(1, 3);20.1;20.1;20.1;0.0;20.1
451;21201580;PASQUILLA - FOPAE;bogota;bogota;alto magdalena;4.447;-74.155;2015-12-05 15:55:00;2015-12-05 15:55:00;;;(1, 3);20.1;20.1;20.1;0.0;20.1
452;21201580;PASQUILLA - FOPAE;bogota;bogota;alto magdalena;4.447;-74.155;2015-12-05 15:55:00;2015-12-05 15:55:00;;;(1, 3);20.1;20.1;20.1;0.0;20.1
453;21201580;PASQUILLA - FOPAE;bogota;bogota;alto magdalena;4.447;-74.155;2015-12-05 15:55:00;2015-12-05 15:55:00;;;(1, 3);20.1;20.1;20.1;0.0;20.1
454;21201580;PASQUILLA - FOPAE;bogota;bogota;alto magdalena;4.447;-74.155;2015-12-05 15:55:00;2015-12-05 15:55:00;;;(1, 3);20.1;20.1;20.1;0.0;20.1
455;21201580;PASQUILLA - FOPAE;bogota;bogota;alto magdalena;4.447;-74.155;2015-12-05 15:55:00;2015-12-05 15:55:00;;;(1, 3);20.1;20.1;20.1;0.0;20.1
456;21201580;PASQUILLA - FOPAE;bogota;bogota;alto magdalena;4.447;-74.155;2015-12-05 15:55:00;2015-12-05 15:55:00;;;(1, 3);20.1;20.1;20.1;0.0;20.1
457;21201580;PASQUILLA - FOPAE;bogota;bogota;alto magdalena;4.447;-74.155;2015-12-05 15:55:00;2015-12-05 15:55:00;;;(1, 3);20.1;20.1;20.1;0.0;20.1
458;21201580;PASQUILLA - FOPAE;bogota;bogota;alto magdalena;4.447;-74.155;2015-12-05 15:55:00;2015-12-05 15:55:00;;;(1, 3);20.1;20.1;20.1;0.0;20.1
459;21201580;PASQUILLA - FOPAE;bogota;bogota;alto magdalena;4.447;-74.155;2015-12-05 15:55:00;2015-12-05 15:55:00;;;(1, 3);20.1;20.1;20.1;0.0;20.1
460;21201580;PASQUILLA - FOPAE;bogota;bogota;alto magdalena;4.447;-74.155;2015-12-05 15:55:00;2015-12-05 15:55:00;;;(1, 3);20.1;20.1;20.1;0.0;20.1
461;21201580;PASQUILLA - FOPAE;bogota;bogota;alto magdalena;4.447;-74.155;2015-12-05 15:55:00;2015-12-05 15:55:00;;;(1, 3);20.1;20.1;20.1;0.0;20.1
462;21201580;PASQUILLA - FOPAE;bogota;bogota;alto magdalena;4.447;-74.155;2015-12-05 15:55:00;2015-12-05 15:55:00;;;(1, 3);20.1;20.1;20.1;0.0;20.1
463;21201580;PASQUILLA - FOPAE;bogota;bogota;alto magdalena;4.447;-74.155;2015-12-05 15:55:00;2015-12-05 15:55:00;;;(1, 3);20.1;20.1;20.1;0.0;20.1
464;21201580;PASQUILLA - FOPAE;bogota;bogota;alto magdalena;4.447;-74.155;2015-12-05 15:55:00;2015-12-05 15:55:00;;;(1, 3);20.1;20.1;20.1;0.0;20.1
465;21201580;PASQUILLA - FOPAE;bogota;bogota;alto magdalena;4.447;-74.155;2015-12-05 15:55:00;2015-12-05 15:55:00;;;(1, 3);20.1;20.1;20.1;0.0;20.1
466;21201580;PASQUILLA - FOPAE;bogota;bogota;alto magdalena;4.447;-74.155;2015-12-05 15:55:00;2015-12-05 15:55:00;;;(1, 3);20.1;20.1;20.1;0.0;20.1
467;21201580;PASQUILLA - FOPAE;bogota;bogota;alto magdalena;4.447;-74.155;2015-12-05 15:55:00;2015-12-05 15:55:00;;;(1, 3);20.1;20.1;20.1;0.0;20.1
468;21201580;PASQUILLA - FOPAE;bogota;bogota;alto magdalena;4.447;-74.155;2015-12-05 15:55:00;2015-12-05 15:55:00;;;(1, 3);20.1;20.1;20.1;0.0;20.1
469;21201580;PASQUILLA - FOPAE;bogota;bogota;alto magdalena;4.447;-74.155;2015-12-05 15:55:00;2015-12-05 15:55:00;;;(1, 3);20.1;20.1;20.1;0.0;20.1
470;21201580;PASQUILLA - FOPAE;bogota;bogota;alto magdalena;4.447;-74.155;2015-12-05 15:55:00;2015-12-05 15:55:00;;;(1, 3);20.1;20.1;20.1;0.0;20.1
471;21201580;PASQUILLA - FOPAE;bogota;bogota;alto magdalena;4.447;-74.155;2015-12-05 15:55:00;2015-12-05 15:55:00;;;(1, 3);20.1;20.1;20.1;0.0;20.1
472;21201580;PASQUILLA - FOPAE;bogota;bogota;alto magdalena;4.447;-74.155;2015-12-05 15:55:00;2015-12-05 15:55:00;;;(1, 3);20.1;20.1;20.1;0.0;20.1
473;21201580;PASQUILLA - FOPAE;bogota;bogota;alto magdalena;4.447;-74.155;2015-12-05 15:55:00;2015-12-05 15:55:00;;;(1, 3);20.1;20.1;20.1;0.0;20.1
474;21201580;PASQUILLA - FOPAE;bogota;bogota;alto magdalena;4.447;-74.155;2015-12-05 15:55:00;2015-12-05 15:55:00;;;(1, 3);20.1;20.1;20.1;0.0;20.1
475;21201580;PASQUILLA - FOPAE;bogota;bogota;alto magdalena;4.447;-74.155;2015-12-05 15:55:00;2015-12-05 15:55:00;;;(1, 3);20.1;20.1;20.1;0.0;20.1
476;21201580;PASQUILLA - FOPAE;bogota;bogota;alto magdalena;4.447;-74.155;2015-12-05 15:55:00;2015-12-05 15:55:00;;;(1, 3);20.1;20.1;20.1;0.0;20.1
477;21201580;PASQUILLA - FOPAE;bogota;bogota;alto magdalena;4.447;-74.155;2015-12-05 15:55:00;2015-12-05 15:55:00;;;(1, 3);20.1;20.1;20.1;0.0;20.1
478;21201580;PASQUILLA - FOPAE;bogota;bogota;alto magdalena;4.447;-74.155;2015-12-05 15:55:00;2015-12-05 15:55:00;;;(1, 3);20.1;20.1;20.1;0.0;20.1
479;21201580;PASQUILLA - FOPAE;bogota;bogota;alto magdalena;4.447;-74.155;2015-12-05 15:55:00;2015-12-05 15:55:00;;;(1, 3);20.1;20.1;20.1;0.0;20.1
480;21201580;PASQUILLA - FOPAE;bogota;bogota;alto magdalena;4.447;-74.155;2015-12-05 15:55:00;2015-12-05 15:55:00;;;(1, 3);20.1;20.1;20.1;0.0;20.1
481;21201580;PASQUILLA - FOPAE;bogota;bogota;alto magdalena;4.447;-74.155;2015-12-05 15:55:00;2015-12-05 15:55:00;;;(1, 3);20.1;20.1;20.1;0.0;20.1
482;21201580;PASQUILLA - FOPAE;bogota;bogota;alto magdalena;4.447;-74.155;2015-12-05 15:55:00;2015-12-05 15:55:00;;;(1, 3);20.1;20.1;20.1;0.0;20.1
483;21201580;PASQUILLA - FOPAE;bogota;bogota;alto magdalena;4.447;-74.155;2015-12-05 15:55:00;2015-12-05 15:55:00;;;(1, 3);20.1;20.1;20.1;0.0;20.1
484;21201580;PASQUILLA - FOPAE;bogota;bogota;alto magdalena;4.447;-74.155;2015-12-05 15:55:00;2015-12-05 15:55:00;;;(1, 3);20.1;20.1;20.1;0.0;20.1
485;21201580;PASQUILLA - FOPAE;bogota;bogota;alto magdalena;4.447;-74.155;2015-12-05 15:55:00;2015-12-05 15:55:00;;;(1, 3);20.1;20.1;20.1;0.0;20.1
486;21201580;PASQUILLA - FOPAE;bogota;bogota;alto magdalena;4.447;-74.155;2015-12-05 15:55:00;2015-12-05 15:55:00;;;(1, 3);20.1;20.1;20.1;0.0;20.1
487;21201580;PASQUILLA - FOPAE;bogota;bogota;alto magdalena;4.447;-74.155;2015-12-05 15:55:00;2015-12-05 15:55:00;;;(1, 3);20.1;20.1;20.1;0.0;20.1
488;21201580;PASQUILLA - FOPAE;bogota;bogota;alto magdalena;4.447;-74.155;2015-12-05 15:55:00;2015-12-05 15:55:00;;;(1, 3);20.1;20.1;20.1;0.0;20.1
489;21201580;PASQUILLA - FOPAE;bogota;bogota;alto magdalena;4.447;-74.155;2015-12-05 15:55:00;2015-12-05 15:55:00;;;(1, 3);20.1;20.1;20.1;0.0;20.1
490;21201580;PASQUILLA - FOPAE;bogota;bogota;alto magdalena;4.447;-74.155;2015-12-05 15:55:00;2015-12-05 15:55:00;;;(1, 3);20.1;20.1;20.1;0.0;20.1
491;21201580;PASQUILLA - FOPAE;bogota;bogota;alto magdalena;4.447;-74.155;2015-12-05 15:55:00;2015-12-05 15:55:00;;;(1, 3);20.1;20.1;20.1;0.0;20.1
492;21201580;PASQUILLA - FOPAE;bogota;bogota;alto magdalena;4.447;-74.155;2015-12-05 15:55:00;2015-12-05 15:55:00;;;(1, 3);20.1;20.1;20.1;0.0;20.1
493;21201580;PASQUILLA - FOPAE;bogota;bogota;alto magdalena;4.447;-74.155;2015-12-05 15:55:00;2015-12-05 15:55:00;;;(1, 3);20.1;20.1;20.1;0.0;20.1
494;21201580;PASQUILLA - FOPAE;bogota;bogota;alto magdalena;4.447;-74.155;2015-12-05 15:55:00;2015-12-05 15:55:00;;;(1, 3);20.1;20.1;20.1;0.0;20.1
495;21201580;PASQUILLA - FOPAE;bogota;bogota;alto magdalena;4.447;-74.155;2015-12-05 15:55:00;2015-12-05 15:55:00;;;(1, 3);20.1;20.1;20.1;0.0;20.1
496;21201580;PASQUILLA - FOPAE;bogota;bogota;alto magdalena;4.447;-74.155;2015-12-05 15:55:00;2015-12-05 15:55:00;;;(1, 3);20.1;20.1;20.1;0.0;20.1
497;21201580;PASQUILLA - FOPAE;bogota;bogota;alto magdalena;4.447;-74.155;2015-12-05 15:55:00;2015-12-05 15:55:00;;;(1, 3);20.1;20.1;20.1;0.0;20.1
498;21201580;PASQUILLA - FOPAE;bogota;bogota;alto magdalena;4.447;-74.155;2015-12-05 15:55:00;2015-12-05 15:55:00;;;(1, 3);20.1;20.1;20.1;0.0;20.1
499;21201580;PASQUILLA - FOPAE;bogota;bogota;alto magdalena;4.447;-74.155;2015-12-05 15:55:00;2015-12-05 15:55:00;;;(1, 3);20.1;20.1;20.1;0.0;20.1
500;21201580;PASQUILLA - FOPAE;bogota;bogota;alto magdalena;4.447;-74.155;2015-12-05 15:55:00;2015-12-05 15:55:00;;;(1, 3);20.1;20.1;20.1;0.0;20.1
501;21201580;PASQUILLA - FOPAE;bogota;bogota;alto magdalena;4.447;-74.155;2015-12-05 15:55:00;2015-12-05 15:55:00;;;(1, 3);20.1;20.1;20.1;0.0;20.1
502;21201580;PASQUILLA - FOPAE;bogota;bogota;alto magdalena;4.447;-74.155;2015-12-05 15:55:00;2015-12-05 15:55:00;;;(1, 3);20.1;20.1;20.1;0.0;20.1
503;21201580;PASQUILLA - FOPAE;bogota;bogota;alto magdalena;4.447;-74.155;2015-12-05 15:55:00;2015-12-05 15:55:00;;;(1, 3);20.1;20.1;20.1;0.0;20.1
504;21201580;PASQUILLA - FOPAE;bogota;bogota;alto magdalena;4.447;-74.155;2015-12-05 15:55:00;2015-12-05 15:55:00;;;(1, 3);20.1;20.1;20.1;0.0;20.1
505;21201580;PASQUILLA - FOPAE;bogota;bogota;alto magdalena;4.447;-74.155;2015-12-05 15:55:00;2015-12-05 15:55:00;;;(1, 3);20.1;20.1;20.1;0.0;20.1
506;21201580;PASQUILLA - FOPAE;bogota;bogota;alto magdalena;4.447;-74.155;2015-12-05 15:55:00;2015-12-05 15:55:00;;;(1, 3);20.1;20.1;20.1;0.0;20.1
507;21201580;PASQUILLA - FOPAE;bogota;bogota;alto magdalena;4.447;-74.155;2015-12-05 15:55:00;2015-12-05 15:55:00;;;(1, 3);20.1;20.1;20.1;0.0;20.1
508;21201580;PASQUILLA - FOPAE;bogota;bogota;alto magdalena;4.447;-74.155;2015-12-05 15:55:00;2015-12-05 15:55:00;;;(1, 3);20.1;20.1;20.1;0.0;20.1
509;21201580;PASQUILLA - FOPAE;bogota;bogota;alto magdalena;4.447;-74.155;2015-12-05 15:55:00;2015-12-05 15:55:00;;;(1, 3);20.1;20.1;20.1;0.0;20.1
510;21201580;PASQUILLA - FOPAE;bogota;bogota;alto magdalena;4.447;-74.155;2015-12-05 15:55:00;2015-12-05 15:55:00;;;(1, 3);20.1;20.1;20.1;0.0;20.1
511;21201580;PASQUILLA - FOPAE;bogota;bogota;alto magdalena;4.447;-74.155;2015-12-05 15:55:00;2015-12-05 15:55:00;;;(1, 3);20.1;20.1;20.1;0.0;20.1
512;21201580;PASQUILLA - FOPAE;bogota;bogota;alto magdalena;4.447;-74.155;2015-12-05 15:55:00;2015-12-05 15:55:00;;;(1, 3);20.1;20.1;20.1;0.0;20.1
513;21201580;PASQUILLA - FOPAE;bogota;bogota;alto magdalena;4.447;-74.155;2015-12-05 15:55:00;2015-12-05 15:55:00;;;(1, 3);20.1;20.1;20.1;0.0;20.1
514;21201580;PASQUILLA - FOPAE;bogota;bogota;alto magdalena;4.447;-74.155;2015-12-05 15:55:00;2015-12-05 15:55:00;;;(1, 3);20.1;20.1;20.1;0.0;20.1
515;21201580;PASQUILLA - FOPAE;bogota;bogota;alto magdalena;4.447;-74.155;2015-12-05 15:55:00;2015-12-05 15:55:00;;;(1, 3);20.1;20.1;20.1;0.0;20.1
516;21201580;PASQUILLA - FOPAE;bogota;bogota;alto magdalena;4.447;-74.155;2015-12-05 15:55:00;2015-12-05 15:55:00;;;(1, 3);20.1;20.1;20.1;0.0;20.1
517;21201580;PASQUILLA - FOPAE;bogota;bogota;alto magdalena;4.447;-74.155;2015-12-05 15:55:00;2015-12-05 15:55:00;;;(1, 3);20.1;20.1;20.1;0.0;20.1
518;21201580;PASQUILLA - FOPAE;bogota;bogota;alto magdalena;4.447;-74.155;2015-12-05 15:55:00;2015-12-05 15:55:00;;;(1, 3);20.1;20.1;20.1;0.0;20.1
519;21201580;PASQUILLA - FOPAE;bogota;bogota;alto magdalena;4.447;-74.155;2015-12-05 15:55:00;2015-12-05 15:55:00;;;(1, 3);20.1;20.1;20.1;0.0;20.1
520;21201580;PASQUILLA - FOPAE;bogota;bogota;alto magdalena;4.447;-74.155;2015-12-05 15:55:00;2015-12-05 15:55:00;;;(1, 3);20.1;20.1;20.1;0.0;20.1
521;21201580;PASQUILLA - FOPAE;bogota;bogota;alto magdalena;4.447;-74.155;2015-12-05 15:55:00;2015-12-05 15:55:00;;;(1, 3);20.1;20.1;20.1;0.0;20.1
522;21201580;PASQUILLA - FOPAE;bogota;bogota;alto magdalena;4.447;-74.155;2015-12-05 15:55:00;2015-12-05 15:55:00;;;(1, 3);20.1;20.1;20.1;0.0;20.1
523;21201580;PASQUILLA - FOPAE;bogota;bogota;alto magdalena;4.447;-74.155;2015-12-05 15:55:00;2015-12-05 15:55:00;;;(1, 3);20.1;20.1;20.1;0.0;20.1
524;21201580;PASQUILLA - FOPAE;bogota;bogota;alto magdalena;4.447;-74.155;2015-12-05 15:55:00;2015-12-05 15:55:00;;;(1, 3);20.1;20.1;20.1;0.0;20.1
525;21201580;PASQUILLA - FOPAE;bogota;bogota;alto magdalena;4.447;-74.155;2015-12-05 15:55:00;2015-12-05 15:55:00;;;(1, 3);20.1;20.1;20.1;0.0;20.1
526;21201580;PASQUILLA - FOPAE;bogota;bogota;alto magdalena;4.447;-74.155;2015-12-05 15:55:00;2015-12-05 15:55:00;;;(1, 3);20.1;20.1;20.1;0.0;20.1
527;21201580;PASQUILLA - FOPAE;bogota;bogota;alto magdalena;4.447;-74.155;2015-12-05 15:55:00;2015-12-05 15:55:00;;;(1, 3);20.1;20.1;20.1;0.0;20.1
528;21201580;PASQUILLA - FOPAE;bogota;bogota;alto magdalena;4.447;-74.155;2015-12-05 15:55:00;2015-12-05 15:55:00;;;(1, 3);20.1;20.1;20.1;0.0;20.1
529;21201580;PASQUILLA - FOPAE;bogota;bogota;alto magdalena;4.447;-74.155;2015-12-05 15:55:00;2015-12-05 15:55:00;;;(1, 3);20.1;20.1;20.1;0.0;20.1
530;21201580;PASQUILLA - FOPAE;bogota;bogota;alto magdalena;4.447;-74.155;2015-12-05 15:55:00;2015-12-05 15:55:00;;;(1, 3);20.1;20.1;20.1;0.0;20.1
531;21201580;PASQUILLA - FOPAE;bogota;bogota;alto magdalena;4.447;-74.155;2015-12-05 15:55:00;2015-12-05 15:55:00;;;(1, 3);20.1;20.1;20.1;0.0;20.1
532;21201580;PASQUILLA - FOPAE;bogota;bogota;alto magdalena;4.447;-74.155;2015-12-05 15:55:00;2015-12-05 15:55:00;;;(1, 3);20.1;20.1;20.1;0.0;20.1
533;21201580;PASQUILLA - FOPAE;bogota;bogota;alto magdalena;4.447;-74.155;2015-12-05 15:55:00;2015-12-05 15:55:00;;;(1, 3);20.1;20.1;20.1;0.0;20.1
534;21201580;PASQUILLA - FOPAE;bogota;bogota;alto magdalena;4.447;-74.155;2015-12-05 15:55:00;2015-12-05 15:55:00;;;(1, 3);20.1;20.1;20.1;0.0;20.1
535;21201580;PASQUILLA - FOPAE;bogota;bogota;alto magdalena;4.447;-74.155;2015-12-05 15:55:00;2015-12-05 15:55:00;;;(1, 3);20.1;20.1;20.1;0.0;20.1
536;21201580;PASQUILLA - FOPAE;bogota;bogota;alto magdalena;4.447;-74.155;2015-12-05 15:55:00;2015-12-05 15:55:00;;;(1, 3);20.1;20.1;20.1;0.0;20.1
537;21201580;PASQUILLA - FOPAE;bogota;bogota;alto magdalena;4.447;-74.155;2015-12-05 15:55:00;2015-12-05 15:55:00;;;(1, 3);20.1;20.1;20.1;0.0;20.1
538;21201580;PASQUILLA - FOPAE;bogota;bogota;alto magdalena;4.447;-74.155;2015-12-05 15:55:00;2015-12-05 15:55:00;;;(1, 3);20.1;20.1;20.1;0.0;20.1
539;21201580;PASQUILLA - FOPAE;bogota;bogota;alto magdalena;4.447;-74.155;2015-12-05 15:55:00;2015-12-05 15:55:00;;;(1, 3);20.1;20.1;20.1;0.0;20.1
540;21201580;PASQUILLA - FOPAE;bogota;bogota;alto magdalena;4.447;-74.155;2015-12-05 15:55:00;2015-12-05 15:55:00;;;(1, 3);20.1;20.1;20.1;0.0;20.1
541;21201580;PASQUILLA - FOPAE;bogota;bogota;alto magdalena;4.447;-74.155;2015-12-05 15:55:00;2015-12-05 15:55:00;;;(1, 3);20.1;20.1;20.1;0.0;20.1
542;21201580;PASQUILLA - FOPAE;bogota;bogota;alto magdalena;4.447;-74.155;2015-12-05 15:55:00;2015-12-05 15:55:00;;;(1, 3);20.1;20.1;20.1;0.0;20.1
543;21201580;PASQUILLA - FOPAE;bogota;bogota;alto magdalena;4.447;-74.155;2015-12-05 15:55:00;2015-12-05 15:55:00;;;(1, 3);20.1;20.1;20.1;0.0;20.1
544;21201580;PASQUILLA - FOPAE;bogota;bogota;alto magdalena;4.447;-74.155;2015-12-05 15:55:00;2015-12-05 15:55:00;;;(1, 3);20.1;20.1;20.1;0.0;20.1
545;21201580;PASQUILLA - FOPAE;bogota;bogota;alto magdalena;4.447;-74.155;2015-12-05 15:55:00;2015-12-05 15:55:00;;;(1, 3);20.1;20.1;20.1;0.0;20.1
546;21201580;PASQUILLA - FOPAE;bogota;bogota;alto magdalena;4.447;-74.155;2015-12-05 15:55:00;2015-12-05 15:55:00;;;(1, 3);20.1;20.1;20.1;0.0;20.1
547;21201580;PASQUILLA - FOPAE;bogota;bogota;alto magdalena;4.447;-74.155;2015-12-05 15:55:00;2015-12-05 15:55:00;;;(1, 3);20.1;20.1;20.1;0.0;20.1
548;21201580;PASQUILLA - FOPAE;bogota;bogota;alto magdalena;4.447;-74.155;2015-12-05 15:55:00;2015-12-05 15:55:00;;;(1, 3);20.1;20.1;20.1;0.0;20.1
549;21201580;PASQUILLA - FOPAE;bogota;bogota;alto magdalena;4.447;-74.155;2015-12-05 15:55:00;2015-12-05 15:55:00;;;(1, 3);20.1;20.1;20.1;0.0;20.1
550;21201580;PASQUILLA - FOPAE;bogota;bogota;alto magdalena;4.447;-74.155;2015-12-05 15:55:00;2015-12-05 15:55:00;;;(1, 3);20.1;20.1;20.1;0.0;20.1
